em,region,agg_fuel,units,year,Source,H2_emissions
H2,Global,Total,Tg H2,1750,CEDS v2024,1.480284177
H2,Global,Total,Tg H2,1751,CEDS v2024,1.484289685
H2,Global,Total,Tg H2,1752,CEDS v2024,1.488286587
H2,Global,Total,Tg H2,1753,CEDS v2024,1.492274799
H2,Global,Total,Tg H2,1754,CEDS v2024,1.496254406
H2,Global,Total,Tg H2,1755,CEDS v2024,1.500225364
H2,Global,Total,Tg H2,1756,CEDS v2024,1.504195166
H2,Global,Total,Tg H2,1757,CEDS v2024,1.508148832
H2,Global,Total,Tg H2,1758,CEDS v2024,1.512093849
H2,Global,Total,Tg H2,1759,CEDS v2024,1.516030218
H2,Global,Total,Tg H2,1760,CEDS v2024,1.519957896
H2,Global,Total,Tg H2,1761,CEDS v2024,1.523485193
H2,Global,Total,Tg H2,1762,CEDS v2024,1.52699272
H2,Global,Total,Tg H2,1763,CEDS v2024,1.530491618
H2,Global,Total,Tg H2,1764,CEDS v2024,1.533981887
H2,Global,Total,Tg H2,1765,CEDS v2024,1.537463528
H2,Global,Total,Tg H2,1766,CEDS v2024,1.540951393
H2,Global,Total,Tg H2,1767,CEDS v2024,1.544415781
H2,Global,Total,Tg H2,1768,CEDS v2024,1.547871541
H2,Global,Total,Tg H2,1769,CEDS v2024,1.551318672
H2,Global,Total,Tg H2,1770,CEDS v2024,1.554757175
H2,Global,Total,Tg H2,1771,CEDS v2024,1.568545679
H2,Global,Total,Tg H2,1772,CEDS v2024,1.582304123
H2,Global,Total,Tg H2,1773,CEDS v2024,1.59604815
H2,Global,Total,Tg H2,1774,CEDS v2024,1.609777759
H2,Global,Total,Tg H2,1775,CEDS v2024,1.62349295
H2,Global,Total,Tg H2,1776,CEDS v2024,1.637210252
H2,Global,Total,Tg H2,1777,CEDS v2024,1.650896612
H2,Global,Total,Tg H2,1778,CEDS v2024,1.664568555
H2,Global,Total,Tg H2,1779,CEDS v2024,1.67822608
H2,Global,Total,Tg H2,1780,CEDS v2024,1.69186923
H2,Global,Total,Tg H2,1781,CEDS v2024,1.698037984
H2,Global,Total,Tg H2,1782,CEDS v2024,1.704173757
H2,Global,Total,Tg H2,1783,CEDS v2024,1.710297577
H2,Global,Total,Tg H2,1784,CEDS v2024,1.716409359
H2,Global,Total,Tg H2,1785,CEDS v2024,1.722509293
H2,Global,Total,Tg H2,1786,CEDS v2024,1.728623927
H2,Global,Total,Tg H2,1787,CEDS v2024,1.734699771
H2,Global,Total,Tg H2,1788,CEDS v2024,1.740763575
H2,Global,Total,Tg H2,1789,CEDS v2024,1.746815427
H2,Global,Total,Tg H2,1790,CEDS v2024,1.752855282
H2,Global,Total,Tg H2,1791,CEDS v2024,1.754841353
H2,Global,Total,Tg H2,1792,CEDS v2024,1.756841471
H2,Global,Total,Tg H2,1793,CEDS v2024,1.758776182
H2,Global,Total,Tg H2,1794,CEDS v2024,1.760692281
H2,Global,Total,Tg H2,1795,CEDS v2024,1.762599891
H2,Global,Total,Tg H2,1796,CEDS v2024,1.764515375
H2,Global,Total,Tg H2,1797,CEDS v2024,1.766411227
H2,Global,Total,Tg H2,1798,CEDS v2024,1.768293392
H2,Global,Total,Tg H2,1799,CEDS v2024,1.770168999
H2,Global,Total,Tg H2,1800,CEDS v2024,1.772036297
H2,Global,Total,Tg H2,1801,CEDS v2024,1.785103678
H2,Global,Total,Tg H2,1802,CEDS v2024,1.7983197
H2,Global,Total,Tg H2,1803,CEDS v2024,1.811205337
H2,Global,Total,Tg H2,1804,CEDS v2024,1.824282796
H2,Global,Total,Tg H2,1805,CEDS v2024,1.837236357
H2,Global,Total,Tg H2,1806,CEDS v2024,1.850186375
H2,Global,Total,Tg H2,1807,CEDS v2024,1.863183171
H2,Global,Total,Tg H2,1808,CEDS v2024,1.875988627
H2,Global,Total,Tg H2,1809,CEDS v2024,1.888854531
H2,Global,Total,Tg H2,1810,CEDS v2024,1.90173211
H2,Global,Total,Tg H2,1811,CEDS v2024,1.910234224
H2,Global,Total,Tg H2,1812,CEDS v2024,1.918708514
H2,Global,Total,Tg H2,1813,CEDS v2024,1.927149265
H2,Global,Total,Tg H2,1814,CEDS v2024,1.935584294
H2,Global,Total,Tg H2,1815,CEDS v2024,1.944014736
H2,Global,Total,Tg H2,1816,CEDS v2024,1.952593997
H2,Global,Total,Tg H2,1817,CEDS v2024,1.961012766
H2,Global,Total,Tg H2,1818,CEDS v2024,1.969377647
H2,Global,Total,Tg H2,1819,CEDS v2024,1.977718298
H2,Global,Total,Tg H2,1820,CEDS v2024,1.986051682
H2,Global,Total,Tg H2,1821,CEDS v2024,2.002431293
H2,Global,Total,Tg H2,1822,CEDS v2024,2.018771876
H2,Global,Total,Tg H2,1823,CEDS v2024,2.03507781
H2,Global,Total,Tg H2,1824,CEDS v2024,2.051295775
H2,Global,Total,Tg H2,1825,CEDS v2024,2.067493046
H2,Global,Total,Tg H2,1826,CEDS v2024,2.083594052
H2,Global,Total,Tg H2,1827,CEDS v2024,2.099702405
H2,Global,Total,Tg H2,1828,CEDS v2024,2.115697839
H2,Global,Total,Tg H2,1829,CEDS v2024,2.131611725
H2,Global,Total,Tg H2,1830,CEDS v2024,2.147832604
H2,Global,Total,Tg H2,1831,CEDS v2024,2.164214952
H2,Global,Total,Tg H2,1832,CEDS v2024,2.180607199
H2,Global,Total,Tg H2,1833,CEDS v2024,2.197076609
H2,Global,Total,Tg H2,1834,CEDS v2024,2.21336569
H2,Global,Total,Tg H2,1835,CEDS v2024,2.229614106
H2,Global,Total,Tg H2,1836,CEDS v2024,2.246014232
H2,Global,Total,Tg H2,1837,CEDS v2024,2.262174634
H2,Global,Total,Tg H2,1838,CEDS v2024,2.27829861
H2,Global,Total,Tg H2,1839,CEDS v2024,2.294359029
H2,Global,Total,Tg H2,1840,CEDS v2024,2.310431651
H2,Global,Total,Tg H2,1841,CEDS v2024,2.326820573
H2,Global,Total,Tg H2,1842,CEDS v2024,2.343122324
H2,Global,Total,Tg H2,1843,CEDS v2024,2.359189764
H2,Global,Total,Tg H2,1844,CEDS v2024,2.375233188
H2,Global,Total,Tg H2,1845,CEDS v2024,2.391222777
H2,Global,Total,Tg H2,1846,CEDS v2024,2.406951506
H2,Global,Total,Tg H2,1847,CEDS v2024,2.422643071
H2,Global,Total,Tg H2,1848,CEDS v2024,2.4379312
H2,Global,Total,Tg H2,1849,CEDS v2024,2.453238912
H2,Global,Total,Tg H2,1850,CEDS v2024,2.469514519
H2,Global,Total,Tg H2,1851,CEDS v2024,2.482277852
H2,Global,Total,Tg H2,1852,CEDS v2024,2.497831608
H2,Global,Total,Tg H2,1853,CEDS v2024,2.514448283
H2,Global,Total,Tg H2,1854,CEDS v2024,2.532483607
H2,Global,Total,Tg H2,1855,CEDS v2024,2.549970358
H2,Global,Total,Tg H2,1856,CEDS v2024,2.567602654
H2,Global,Total,Tg H2,1857,CEDS v2024,2.584870434
H2,Global,Total,Tg H2,1858,CEDS v2024,2.602553451
H2,Global,Total,Tg H2,1859,CEDS v2024,2.620872397
H2,Global,Total,Tg H2,1860,CEDS v2024,2.641361017
H2,Global,Total,Tg H2,1861,CEDS v2024,2.656499129
H2,Global,Total,Tg H2,1862,CEDS v2024,2.672056152
H2,Global,Total,Tg H2,1863,CEDS v2024,2.688429468
H2,Global,Total,Tg H2,1864,CEDS v2024,2.704735436
H2,Global,Total,Tg H2,1865,CEDS v2024,2.722535611
H2,Global,Total,Tg H2,1866,CEDS v2024,2.744682031
H2,Global,Total,Tg H2,1867,CEDS v2024,2.753767595
H2,Global,Total,Tg H2,1868,CEDS v2024,2.766350474
H2,Global,Total,Tg H2,1869,CEDS v2024,2.785281695
H2,Global,Total,Tg H2,1870,CEDS v2024,2.813918959
H2,Global,Total,Tg H2,1871,CEDS v2024,2.842887739
H2,Global,Total,Tg H2,1872,CEDS v2024,2.863759864
H2,Global,Total,Tg H2,1873,CEDS v2024,2.88571675
H2,Global,Total,Tg H2,1874,CEDS v2024,2.894817452
H2,Global,Total,Tg H2,1875,CEDS v2024,2.910653913
H2,Global,Total,Tg H2,1876,CEDS v2024,2.922891797
H2,Global,Total,Tg H2,1877,CEDS v2024,2.941078126
H2,Global,Total,Tg H2,1878,CEDS v2024,2.955208612
H2,Global,Total,Tg H2,1879,CEDS v2024,2.980141456
H2,Global,Total,Tg H2,1880,CEDS v2024,3.011596255
H2,Global,Total,Tg H2,1881,CEDS v2024,3.031585193
H2,Global,Total,Tg H2,1882,CEDS v2024,3.057239664
H2,Global,Total,Tg H2,1883,CEDS v2024,3.072133882
H2,Global,Total,Tg H2,1884,CEDS v2024,3.089837498
H2,Global,Total,Tg H2,1885,CEDS v2024,3.102745278
H2,Global,Total,Tg H2,1886,CEDS v2024,3.134438285
H2,Global,Total,Tg H2,1887,CEDS v2024,3.166846219
H2,Global,Total,Tg H2,1888,CEDS v2024,3.223532367
H2,Global,Total,Tg H2,1889,CEDS v2024,3.24843245
H2,Global,Total,Tg H2,1890,CEDS v2024,3.329022605
H2,Global,Total,Tg H2,1891,CEDS v2024,3.371592684
H2,Global,Total,Tg H2,1892,CEDS v2024,3.389799536
H2,Global,Total,Tg H2,1893,CEDS v2024,3.395206988
H2,Global,Total,Tg H2,1894,CEDS v2024,3.404763469
H2,Global,Total,Tg H2,1895,CEDS v2024,3.462824543
H2,Global,Total,Tg H2,1896,CEDS v2024,3.484808549
H2,Global,Total,Tg H2,1897,CEDS v2024,3.509527215
H2,Global,Total,Tg H2,1898,CEDS v2024,3.544354825
H2,Global,Total,Tg H2,1899,CEDS v2024,3.614045526
H2,Global,Total,Tg H2,1900,CEDS v2024,3.666661875
H2,Global,Total,Tg H2,1901,CEDS v2024,3.727109738
H2,Global,Total,Tg H2,1902,CEDS v2024,3.794567664
H2,Global,Total,Tg H2,1903,CEDS v2024,3.918331022
H2,Global,Total,Tg H2,1904,CEDS v2024,3.959541995
H2,Global,Total,Tg H2,1905,CEDS v2024,4.063432411
H2,Global,Total,Tg H2,1906,CEDS v2024,4.110768704
H2,Global,Total,Tg H2,1907,CEDS v2024,4.298427669
H2,Global,Total,Tg H2,1908,CEDS v2024,4.252451909
H2,Global,Total,Tg H2,1909,CEDS v2024,4.321693788
H2,Global,Total,Tg H2,1910,CEDS v2024,4.419338127
H2,Global,Total,Tg H2,1911,CEDS v2024,4.467679746
H2,Global,Total,Tg H2,1912,CEDS v2024,4.545851877
H2,Global,Total,Tg H2,1913,CEDS v2024,4.705133853
H2,Global,Total,Tg H2,1914,CEDS v2024,4.626765118
H2,Global,Total,Tg H2,1915,CEDS v2024,4.65785528
H2,Global,Total,Tg H2,1916,CEDS v2024,4.795694786
H2,Global,Total,Tg H2,1917,CEDS v2024,4.915344549
H2,Global,Total,Tg H2,1918,CEDS v2024,4.975773304
H2,Global,Total,Tg H2,1919,CEDS v2024,4.870792491
H2,Global,Total,Tg H2,1920,CEDS v2024,5.185233987
H2,Global,Total,Tg H2,1921,CEDS v2024,5.05383702
H2,Global,Total,Tg H2,1922,CEDS v2024,5.211572399
H2,Global,Total,Tg H2,1923,CEDS v2024,5.590962584
H2,Global,Total,Tg H2,1924,CEDS v2024,5.514708925
H2,Global,Total,Tg H2,1925,CEDS v2024,5.608354112
H2,Global,Total,Tg H2,1926,CEDS v2024,5.65599395
H2,Global,Total,Tg H2,1927,CEDS v2024,5.872265688
H2,Global,Total,Tg H2,1928,CEDS v2024,5.887879623
H2,Global,Total,Tg H2,1929,CEDS v2024,6.130746684
H2,Global,Total,Tg H2,1930,CEDS v2024,5.821330822
H2,Global,Total,Tg H2,1931,CEDS v2024,5.601866446
H2,Global,Total,Tg H2,1932,CEDS v2024,5.384349645
H2,Global,Total,Tg H2,1933,CEDS v2024,5.593839236
H2,Global,Total,Tg H2,1934,CEDS v2024,5.671990097
H2,Global,Total,Tg H2,1935,CEDS v2024,5.847351026
H2,Global,Total,Tg H2,1936,CEDS v2024,6.126022523
H2,Global,Total,Tg H2,1937,CEDS v2024,6.473327808
H2,Global,Total,Tg H2,1938,CEDS v2024,6.286530006
H2,Global,Total,Tg H2,1939,CEDS v2024,6.469402895
H2,Global,Total,Tg H2,1940,CEDS v2024,6.748562027
H2,Global,Total,Tg H2,1941,CEDS v2024,6.893970132
H2,Global,Total,Tg H2,1942,CEDS v2024,6.773351122
H2,Global,Total,Tg H2,1943,CEDS v2024,6.978066167
H2,Global,Total,Tg H2,1944,CEDS v2024,7.336520508
H2,Global,Total,Tg H2,1945,CEDS v2024,7.248334362
H2,Global,Total,Tg H2,1946,CEDS v2024,7.275960675
H2,Global,Total,Tg H2,1947,CEDS v2024,7.424981745
H2,Global,Total,Tg H2,1948,CEDS v2024,7.817355819
H2,Global,Total,Tg H2,1949,CEDS v2024,7.615883949
H2,Global,Total,Tg H2,1950,CEDS v2024,8.134052809
H2,Global,Total,Tg H2,1951,CEDS v2024,8.48559481
H2,Global,Total,Tg H2,1952,CEDS v2024,8.656508718
H2,Global,Total,Tg H2,1953,CEDS v2024,8.88465604
H2,Global,Total,Tg H2,1954,CEDS v2024,9.02587617
H2,Global,Total,Tg H2,1955,CEDS v2024,9.541863509
H2,Global,Total,Tg H2,1956,CEDS v2024,9.862563935
H2,Global,Total,Tg H2,1957,CEDS v2024,9.905718638
H2,Global,Total,Tg H2,1958,CEDS v2024,10.12900141
H2,Global,Total,Tg H2,1959,CEDS v2024,10.48428982
H2,Global,Total,Tg H2,1960,CEDS v2024,10.64413656
H2,Global,Total,Tg H2,1961,CEDS v2024,10.78511528
H2,Global,Total,Tg H2,1962,CEDS v2024,11.13141176
H2,Global,Total,Tg H2,1963,CEDS v2024,11.51382373
H2,Global,Total,Tg H2,1964,CEDS v2024,11.89255736
H2,Global,Total,Tg H2,1965,CEDS v2024,12.26332732
H2,Global,Total,Tg H2,1966,CEDS v2024,12.8076869
H2,Global,Total,Tg H2,1967,CEDS v2024,13.24775059
H2,Global,Total,Tg H2,1968,CEDS v2024,14.08423951
H2,Global,Total,Tg H2,1969,CEDS v2024,14.7914667
H2,Global,Total,Tg H2,1970,CEDS v2024,15.60870207
H2,Global,Total,Tg H2,1971,CEDS v2024,15.90786957
H2,Global,Total,Tg H2,1972,CEDS v2024,16.40778793
H2,Global,Total,Tg H2,1973,CEDS v2024,16.77528138
H2,Global,Total,Tg H2,1974,CEDS v2024,16.40927151
H2,Global,Total,Tg H2,1975,CEDS v2024,16.55554074
H2,Global,Total,Tg H2,1976,CEDS v2024,17.0246346
H2,Global,Total,Tg H2,1977,CEDS v2024,17.41567294
H2,Global,Total,Tg H2,1978,CEDS v2024,18.02786583
H2,Global,Total,Tg H2,1979,CEDS v2024,17.88393699
H2,Global,Total,Tg H2,1980,CEDS v2024,17.46805522
H2,Global,Total,Tg H2,1981,CEDS v2024,17.33418635
H2,Global,Total,Tg H2,1982,CEDS v2024,17.33640815
H2,Global,Total,Tg H2,1983,CEDS v2024,17.35450471
H2,Global,Total,Tg H2,1984,CEDS v2024,17.43547194
H2,Global,Total,Tg H2,1985,CEDS v2024,17.58793572
H2,Global,Total,Tg H2,1986,CEDS v2024,17.63269091
H2,Global,Total,Tg H2,1987,CEDS v2024,17.80651453
H2,Global,Total,Tg H2,1988,CEDS v2024,17.94994244
H2,Global,Total,Tg H2,1989,CEDS v2024,17.88294746
H2,Global,Total,Tg H2,1990,CEDS v2024,17.5577214
H2,Global,Total,Tg H2,1991,CEDS v2024,17.26245302
H2,Global,Total,Tg H2,1992,CEDS v2024,17.05531605
H2,Global,Total,Tg H2,1993,CEDS v2024,16.94590997
H2,Global,Total,Tg H2,1994,CEDS v2024,16.43501119
H2,Global,Total,Tg H2,1995,CEDS v2024,16.39916002
H2,Global,Total,Tg H2,1996,CEDS v2024,16.18273858
H2,Global,Total,Tg H2,1997,CEDS v2024,15.98911409
H2,Global,Total,Tg H2,1998,CEDS v2024,15.84621763
H2,Global,Total,Tg H2,1999,CEDS v2024,15.36440298
H2,Global,Total,Tg H2,2000,CEDS v2024,15.21520069
H2,Global,Total,Tg H2,2001,CEDS v2024,14.75792574
H2,Global,Total,Tg H2,2002,CEDS v2024,13.94817676
H2,Global,Total,Tg H2,2003,CEDS v2024,13.72200964
H2,Global,Total,Tg H2,2004,CEDS v2024,13.5452931
H2,Global,Total,Tg H2,2005,CEDS v2024,13.22079597
H2,Global,Total,Tg H2,2006,CEDS v2024,12.84648444
H2,Global,Total,Tg H2,2007,CEDS v2024,12.41797482
H2,Global,Total,Tg H2,2008,CEDS v2024,12.06435614
H2,Global,Total,Tg H2,2009,CEDS v2024,11.69479312
H2,Global,Total,Tg H2,2010,CEDS v2024,11.44140822
H2,Global,Total,Tg H2,2011,CEDS v2024,11.19424506
H2,Global,Total,Tg H2,2012,CEDS v2024,11.04806389
H2,Global,Total,Tg H2,2013,CEDS v2024,10.99943233
H2,Global,Total,Tg H2,2014,CEDS v2024,10.68340959
H2,Global,Total,Tg H2,2015,CEDS v2024,10.57210425
H2,Global,Total,Tg H2,2016,CEDS v2024,10.06888779
H2,Global,Total,Tg H2,2017,CEDS v2024,9.87122598
H2,Global,Total,Tg H2,2018,CEDS v2024,9.58232589
H2,Global,Total,Tg H2,2019,CEDS v2024,9.2440166
H2,Global,Total,Tg H2,2020,CEDS v2024,8.510006493
H2,Global,Total,Tg H2,2021,CEDS v2024,8.541247803
H2,Global,Total,Tg H2,2022,CEDS v2024,8.352462999