; gcam-hector input for hector 3.6.0,,,,,,,,,,,,,,,,,,,,,,,,
; edited by hand to add the H2 emissions,,,,,,,,,,,,,,,,,,,,,,,,
; date Wed Sep 13,,,,,,,,,,,,,,,,,,,,,,,,
; UNITS:, Tg, Gg, Gg, Tg CH4, Tg CO, Gg, Gg, Gg, Gg, Gg, Gg, Gg, Tg N, Tg, Tg NMVOC, Tg N, Tg, Gg, Gg S, Pg C/yr, Pg C/yr, Pg C/yr, Pg C/yr,Tg H2
Date,BC_emissions,C2F6_emissions,CF4_emissions,CH4_emissions,CO_emissions,HFC125_emissions,HFC134a_emissions,HFC143a_emissions,HFC227ea_emissions,HFC23_emissions,HFC245fa_emissions,HFC32_emissions,N2O_emissions,NH3_emissions,NMVOC_emissions,NOX_emissions,OC_emissions,SF6_emissions,SO2_emissions,daccs_uptake,ffi_emissions,luc_emissions,luc_uptake,H2_emissions
1745,2.120093207,0,0.010071225,26.99053926,348.8382647,0,0,0,0,0,0,0,0.647856689,6.752105669,60.93160287,5.919754128,16.02045195,0,1176.753099,0,0.002384542,0.082927743,0,8.726430622
1746,2.120093207,0,0.010071225,26.99053926,348.8382647,0,0,0,0,0,0,0,0.647856689,6.752105669,60.93160287,5.919754128,16.02045195,0,1176.753099,0,0.002384542,0.084692249,0,8.726430622
1747,2.120093207,0,0.010071225,26.99053926,348.8382647,0,0,0,0,0,0,0,0.647856689,6.752105669,60.93160287,5.919754128,16.02045195,0,1176.753099,0,0.002384542,0.086494299,0,8.726430622
1748,2.120093207,0,0.010071225,26.99053926,348.8382647,0,0,0,0,0,0,0,0.647856689,6.752105669,60.93160287,5.919754128,16.02045195,0,1176.753099,0,0.002384542,0.088334692,0,8.726430622
1749,2.120093207,0,0.010071225,26.99053926,348.8382647,0,0,0,0,0,0,0,0.647856689,6.752105669,60.93160287,5.919754128,16.02045195,0,1176.753099,0,0.002384542,0.090214245,0,8.726430622
1750,2.120093207,0,0.010071225,26.99053926,348.8382647,0,0,0,0,0,0,0,0.647856689,6.752105669,60.93160287,5.919754128,16.02045195,0,1176.753099,0,0.002384542,0.09213379,0,8.794386887
1751,2.095694508,0,0.010071225,26.8228137,344.2293407,0,0,0,0,0,0,0,0.640616342,6.683605908,59.99924178,5.8528463,15.76272918,0,1159.633016,0,0.002384542,0.094094178,0,8.69069657
1752,2.087551403,0,0.010071225,26.73295491,342.1079347,0,0,0,0,0,0,0,0.637458108,6.642036682,59.54519824,5.853675809,15.60987131,0,1153.126742,0,0.002385476,0.096096279,0,8.64072981
1753,2.095685188,0,0.010071225,26.8989524,343.976352,0,0,0,0,0,0,0,0.639886533,6.703241064,59.94292794,5.828126805,15.75977853,0,1159.215029,0,0.002385476,0.09814098,0,8.67175331
1754,2.123610086,0,0.010071225,27.2196345,350.1251743,0,0,0,0,0,0,0,0.651866874,6.836352298,61.1912288,5.8733976,16.13818907,0,1184.192992,0,0.00238641,0.100229187,0,8.765256979
1755,2.123916271,0,0.010071225,27.1417955,348.4508569,0,0,0,0,0,0,0,0.648053597,6.764198041,60.74832548,5.93369425,15.93888697,0,1174.111298,0,0.002387345,0.102361826,0,8.795760178
1756,2.094064674,0,0.010071225,27.03653586,343.6184913,0,0,0,0,0,0,0,0.638873534,6.742038498,59.8718617,5.769925775,15.77777775,0,1161.042531,0,0.002551796,0.104539843,0,8.641783594
1757,2.173676,0,0.010071225,27.52586648,356.2557362,0,0,0,0,0,0,0,0.660615367,6.866347905,62.19505921,6.10506404,16.28917918,0,1204.534966,0,0.00255273,0.106764203,0,9.009127249
1758,2.146803325,0,0.010071225,27.36196975,352.1464498,0,0,0,0,0,0,0,0.656611701,6.813209379,61.36748759,6.033061407,16.10024919,0,1192.122125,0,0.002553665,0.109035891,0,8.885271173
1759,2.143935581,0,0.010071225,27.49381294,351.8131454,0,0,0,0,0,0,0,0.652667603,6.862942646,61.38094409,5.92693144,16.16130527,0,1187.642144,0,0.002554599,0.111355916,0,8.872254937
1760,2.15496941,0,0.010071225,27.69187062,354.7273234,0,0,0,0,0,0,0,0.658030881,6.944315913,61.99112103,5.908210129,16.40828669,0,1200.390324,0,0.002554599,0.113725306,0,8.905165996
1761,2.165484028,0,0.010071225,27.65585116,355.0127663,0,0,0,0,0,0,0,0.659460162,6.896224274,61.92650542,6.026754463,16.2826143,0,1205.201175,0,0.002798473,0.116145111,0,8.951106622
1762,2.130009343,0,0.010071225,27.56915537,349.5452472,0,0,0,8.32E-08,0,0,1.51E-06,0.648250269,6.886853925,60.97056014,5.808323726,16.11809821,0,1184.395395,0,0.002799407,0.118616403,0,8.779889074
1763,2.135888174,0,0.010071225,27.57859351,350.3552842,0,0,0,6.68E-07,0,0,1.24E-05,0.651764829,6.881348063,61.07335733,5.870499951,16.12063858,0,1190.308782,0,0.002800342,0.121140278,0,8.790482096
1764,2.100941793,0,0.010071225,27.20786124,342.3274253,0,0,0,1.27E-06,0,0,2.50E-05,0.638403339,6.710918142,59.38472521,5.844083628,15.55340628,0,1157.967045,0,0.002801276,0.123717856,0,8.660257479
1765,2.153660369,0,0.010071225,27.77921193,353.2314058,0,0,0,1.39E-06,0,0,3.03E-05,0.656600453,6.923949695,61.58185507,5.919480701,16.27743401,0,1199.326564,0,0.00280221,0.126350278,0,8.879999782
1766,2.141029494,0,0.010071225,27.63085094,349.6678881,0,0,0,1.42E-06,0,0,3.44E-05,0.650774339,6.846807859,60.8130946,5.929455234,15.95745698,0,1189.383791,0,0.003126441,0.129038712,0,8.825518403
1767,2.143620068,0,0.010071225,27.68496025,349.9028465,0,0,0,1.46E-06,0,0,3.84E-05,0.650511954,6.854975931,60.84805206,5.922648771,16.00093237,0,1190.556616,0,0.003127375,0.13178435,0,8.833587358
1768,2.21498639,0,0.010071225,28.2526046,362.9596332,0,0,0,1.49E-06,0,0,4.25E-05,0.6743532,7.032554436,63.32932427,6.166017688,16.66678663,0,1238.090881,0,0.003128309,0.134588408,0,9.164795546
1769,2.170003581,0,0.010071225,27.99362197,355.3187544,0,0,0,1.53E-06,0,0,4.65E-05,0.66124506,6.965768023,61.91438595,5.974912503,16.33930603,0,1214.477492,0,0.003129244,0.13745213,0,8.922257426
1770,2.172322853,0,0.010071225,28.03428979,355.6536193,0,0,0,1.57E-06,0,0,5.06E-05,0.662618202,6.962951025,61.93271508,5.994029833,16.34859237,0,1215.487071,0,0.003130178,0.140376785,0,8.94652498
1771,2.13446529,0,0.010071225,27.79829029,348.1364107,0,0,0,1.60E-06,0,0,5.47E-05,0.650106382,6.87619185,60.39498412,5.864685724,15.92915096,0,1192.119805,0,0.003471227,0.14336367,0,8.770100146
1772,2.121329407,0,0.010071225,27.72421072,344.8813248,0,0,0,1.64E-06,0,0,5.87E-05,0.644466899,6.850306931,59.70061659,5.818076023,15.72305473,0,1179.763341,0,0.003472162,0.146414109,0,8.688637023
1773,2.127732629,0,0.010071225,27.88332072,346.0448225,0,0,0,1.67E-06,0,0,6.28E-05,0.646357554,6.911816143,59.89851192,5.7913914,15.81568062,0,1182.677825,0,0.003473096,0.149529453,0,8.706193648
1774,2.190689554,0,0.010071225,28.50488941,358.389007,0,0,0,1.71E-06,0,0,6.68E-05,0.669613849,7.15553092,62.30498764,5.93916652,16.48963996,0,1228.626041,0,0.003474031,0.152711085,0,8.949292405
1775,2.185491762,0,0.010071225,28.39997665,355.3263562,0,0,0,1.75E-06,0,0,7.09E-05,0.663750449,7.077497383,61.53727505,5.978878792,16.20473215,0,1213.025809,0,0.003474965,0.155960415,0,8.949549687
1776,2.14923101,0,0.010071225,28.30046881,349.1608094,0,0,0,1.78E-06,0,0,7.49E-05,0.652036042,7.069442974,60.38225802,5.762464596,15.98722764,0,1198.284387,0,0.003834702,0.159278882,0,8.750589377
1777,2.208135238,0,0.010071225,28.67742235,357.8192714,0,0,0,1.82E-06,0,0,7.90E-05,0.666802267,7.164233346,61.90291219,6.008729738,16.29304178,0,1226.078385,0,0.003835636,0.162667959,0,9.018855402
1778,2.236647315,0,0.010071225,28.91252656,363.0357387,0,0,0,1.85E-06,0,0,8.30E-05,0.67956107,7.2431284,62.80027017,6.136128612,16.52134665,0,1246.013211,0,0.003836571,0.166129147,0,9.138377902
1779,2.198914885,0,0.010071225,28.8220483,356.1944355,0,0,0,1.89E-06,0,0,8.71E-05,0.664466406,7.227413625,61.52162541,5.89721979,16.25088086,0,1218.231835,0,0.003837505,0.169663981,0,8.960480677
1780,2.226610217,0,0.010071225,29.19111071,361.8817728,0,0,0,1.92E-06,0,0,9.10E-05,0.674375983,7.378442472,62.64714064,5.905489497,16.63982278,0,1239.823031,0,0.003858721,0.173274028,0,9.053302064
1781,2.2276963,0,0.010071225,29.1029028,360.3471353,0,0,0,1.96E-06,0,0,9.52E-05,0.672439673,7.313849461,62.22607113,5.981161865,16.43047718,0,1242.174671,0,0.00431399,0.176960888,0,9.048756134
1782,2.199553785,0,0.010071225,29.09111338,356.2960801,0,0,0,2.00E-06,0,0,9.92E-05,0.664175585,7.326874515,61.52167829,5.786161505,16.33841842,0,1225.881631,0,0.004315447,0.180726195,0,8.919056099
1783,2.190560947,0,0.010071225,29.02292088,354.5324122,0,0,0,2.03E-06,0,0,1.03E-04,0.662996179,7.302607238,61.14136494,5.778188083,16.2349033,0,1223.954849,0,0.004317838,0.18457162,0,8.853185934
1784,2.181328259,0,0.010071225,28.82804609,350.8083893,0,0,0,2.07E-06,0,0,1.07E-04,0.657317412,7.186517575,60.25483206,5.849644058,15.857645,0,1206.410847,0,0.00431824,0.188498866,0,8.836174746
1785,2.207382633,0,0.010071225,29.22559072,357.0519185,0,0,0,2.10E-06,0,0,1.11E-04,0.667768928,7.342917338,61.54330205,5.828445496,16.36501035,0,1232.09149,0,0.004322412,0.192509674,0,8.937361044
1786,2.200853217,0,0.010071225,29.154444,354.4375357,0,0,0,2.14E-06,0,0,1.15E-04,0.662845328,7.294927616,60.96765885,5.835066412,16.10096048,0,1229.521281,0,0.00490558,0.196605823,0,8.899086549
1787,2.228229284,0,0.010071225,29.38316332,359.0307825,0,0,0,2.18E-06,0,0,1.19E-04,0.670942287,7.358277711,61.81190443,5.925211769,16.34671273,0,1246.666235,0,0.004907795,0.200789129,0,9.018247667
1788,2.299242977,0,0.010071225,29.94468914,371.6071975,0,0,0,2.21E-06,0,0,1.23E-04,0.693735519,7.533475588,64.19089788,6.160705701,16.98294088,0,1290.632465,0,0.004908899,0.205061445,0,9.338083881
1789,2.252546403,0,0.010071225,29.68409471,363.6779714,0,0,0,2.25E-06,0,0,1.28E-04,0.68064222,7.465117797,62.70085175,5.964874853,16.64181363,0,1265.549466,0,0.004910411,0.209424666,0,9.089771452
1790,2.262095152,0,0.010071225,29.78542331,365.1167698,0,0,0,2.28E-06,0,0,1.32E-04,0.683796029,7.481048541,62.9191898,6.004840141,16.70028628,0,1270.226012,0,0.004913152,0.213880726,0,9.144786032
1791,2.219607429,0,0.010071225,29.48664848,356.8706311,0,0,0,2.32E-06,0,0,1.36E-04,0.669524262,7.356147905,61.29261307,5.867556227,16.26186662,0,1249.606176,0,0.005486566,0.2184316,0,8.949353274
1792,2.210861198,0,0.010071225,29.3787532,354.4615622,0,0,0,2.36E-06,0,0,1.40E-04,0.665955236,7.29688255,60.78117263,5.873488143,16.09562104,0,1245.615411,0,0.005600657,0.223079306,0,8.893987931
1793,2.203902859,0,0.010071225,29.43905106,353.578601,0,0,0,2.39E-06,0,0,1.44E-04,0.663330153,7.314492615,60.6626815,5.790429706,16.12947966,0,1242.362021,0,0.005607495,0.227825904,0,8.854924681
1794,2.266405758,0,0.010071225,30.0205332,365.9459208,0,0,0,2.43E-06,0,0,1.48E-04,0.686164732,7.526854319,63.12219907,5.949853436,16.82099205,0,1289.035698,0,0.005598736,0.232673498,0,9.102121714
1795,2.256858063,0,0.010071225,29.86802628,362.4089484,0,0,0,2.46E-06,0,0,1.52E-04,0.678972068,7.41994476,62.32794387,5.976072697,16.54123261,0,1272.547099,0,0.005602373,0.237624238,0,9.086975235
1796,2.20924324,0,0.010071225,29.67966733,354.6787774,0,0,0,2.50E-06,0,0,1.56E-04,0.66404041,7.374182886,60.95008351,5.715483552,16.28951753,0,1251.526423,0,0.005869445,0.242680318,0,8.837831236
1797,2.271168921,0,0.010071225,30.01209697,363.7554718,0,0,0,2.54E-06,0,0,1.60E-04,0.679865297,7.427318948,62.56250287,6.009084673,16.60290019,0,1287.298233,0,0.00616205,0.247843979,0,9.128565655
1798,2.293274806,0,0.010070485,30.16738781,367.857125,0,0,0,2.57E-06,0,0,1.64E-04,0.690113568,7.460702958,63.29265284,6.123587336,16.79378966,0,1309.347884,0,0.006418281,0.253117511,0,9.221703002
1799,2.267751751,0,0.010071964,30.16493176,363.6783667,0,0,0,2.61E-06,0,0,1.68E-04,0.679461067,7.462768299,62.59304218,5.919331389,16.70655017,0,1296.898961,0,0.006760691,0.258503251,0,9.096660609
1800,2.277926273,0,0.010071225,30.34997916,366.0301599,0,0,0,2.64E-06,0,0,1.72E-04,0.683251673,7.527670222,63.10283528,5.895286037,16.91399593,0,1315.205427,0,0.007195297,0.264003587,0,9.117018683
1801,2.283600043,0,0.010071225,30.31047814,365.0998114,0,0,0,2.68E-06,0,0,1.76E-04,0.682948985,7.486619119,62.77140928,5.978603368,16.73999545,0,1310.815801,0,0.007201288,0.269620956,0,9.129192381
1802,2.269649784,0,0.010071225,30.44226217,363.1344045,0,0,0,2.72E-06,0,0,1.80E-04,0.678884628,7.5470334,62.43679529,5.812289451,16.75753242,0,1321.729382,0,0.009266,0.27535785,0,9.040985252
1803,2.249007728,0,0.010071225,30.30062719,358.803803,0,0,0,2.75E-06,0,0,1.84E-04,0.673224933,7.503201416,61.52189333,5.750197287,16.51676012,0,1305.001041,0,0.008140484,0.281216812,0,8.918040533
1804,2.26894056,0,0.010071225,30.34385441,359.6991864,0,0,0,2.79E-06,0,0,1.88E-04,0.675617844,7.467799329,61.48820585,5.899007656,16.36654001,0,1309.82386,0,0.008813577,0.287200438,0,9.010345859
1805,2.288882421,0,0.010071225,30.70304251,364.4581708,0,0,0,2.82E-06,0,0,1.92E-04,0.684080382,7.61451561,62.45125332,5.856183707,16.78952773,0,1332.128883,0,0.008620097,0.293311382,0,9.083120985
1806,2.298957258,0,0.010071225,30.77220653,364.4866774,0,0,0,2.86E-06,0,0,1.96E-04,0.684173436,7.621311853,62.36168407,5.907325199,16.65132168,0,1335.871771,0,0.009063274,0.299552352,0,9.108277393
1807,2.318218086,0,0.010071225,30.97497948,367.3648571,0,0,0,2.90E-06,0,0,2.00E-04,0.689696402,7.682481442,62.84943158,5.950642848,16.82121433,0,1352.319257,0,0.009401469,0.305926115,0,9.178976374
1808,2.392834509,0,0.010071225,31.56642576,380.1976938,0,0,0,2.93E-06,0,0,2.04E-04,0.713328357,7.870269703,65.23704801,6.203911026,17.44185983,0,1391.53436,0,0.009097221,0.312435497,0,9.513920562
1809,2.350549847,0,0.010071225,31.37550361,372.997958,0,0,0,2.97E-06,0,0,2.08E-04,0.702207726,7.836062502,63.86911645,6.003531095,17.15449238,0,1368.999706,0,0.009103072,0.319083382,0,9.273554387
1810,2.365354011,0,0.010071225,31.54817524,374.8808178,0,0,0,3.00E-06,0,0,2.12E-04,0.706409798,7.878817658,64.13963074,6.035771839,17.24497582,0,1377.224091,0,0.009684283,0.32587272,0,9.334825941
1811,2.341295924,0,0.010071225,31.38845295,369.4115275,0,0,0,3.04E-06,0,0,2.17E-04,0.697619129,7.795864565,63.0003742,5.969385866,16.9149479,0,1366.871026,0,0.010261357,0.332806518,0,9.216176935
1812,2.3200886,0,0.010071225,31.25429744,364.7106068,0,0,0,3.07E-06,0,0,2.21E-04,0.690267963,7.731289517,62.03282383,5.903211411,16.66231772,0,1357.85276,0,0.010620308,0.33988785,0,9.096041039
1813,2.327252622,0,0.010071225,31.45361179,366.0417082,0,0,0,3.11E-06,0,0,2.25E-04,0.691670063,7.796516443,62.31764992,5.853955995,16.8056269,0,1363.41025,0,0.010678409,0.347119857,0,9.110987381
1814,2.390190855,0,0.010071225,32.06487297,378.1269849,0,0,0,3.14E-06,0,0,2.29E-04,0.714689255,8.016519485,64.68294777,6.011392851,17.46899512,0,1411.955855,0,0.010922649,0.354505744,0,9.353225265
1815,2.388982966,0,0.010071225,32.0008154,375.7137222,0,0,0,3.18E-06,0,0,2.33E-04,0.710010638,7.93721176,64.06739381,6.05851251,17.24309257,0,1405.025452,0,0.011255292,0.362048785,0,9.364010731
1816,2.36597222,0,0.010071225,32.00496066,371.7601519,0,0,0,3.22E-06,0,0,2.37E-04,0.702354535,7.943834895,63.34589099,5.883781608,17.15675641,0,1409.626699,0,0.012189115,0.369752324,0,9.21914898
1817,2.404129812,0,0.010071225,32.23595089,376.5684244,0,0,0,3.25E-06,0,0,2.41E-04,0.71055649,7.973716964,64.1467498,6.05902755,17.28536972,0,1429.769876,0,0.012574605,0.377619775,0,9.38946977
1818,2.446704494,0,0.010071225,32.54664635,384.0462448,0,0,0,3.29E-06,0,0,2.45E-04,0.72782953,8.057105377,65.48040209,6.255328139,17.62535788,0,1461.365524,0,0.012636649,0.385654628,0,9.572289257
1819,2.418416189,0,0.010071225,32.52286163,378.4467585,0,0,0,3.32E-06,0,0,2.49E-04,0.714624447,8.050419772,64.47457363,6.031273537,17.44747605,0,1437.892927,0,0.012734211,0.393860443,0,9.422116471
1820,2.438483369,0,0.010071225,32.82776289,382.537,0,0,0,3.36E-06,0,0,2.53E-04,0.722226475,8.161042585,65.30048701,6.023161881,17.75315558,0,1457.119726,0,0.012925588,0.402240859,0,9.481711978
1821,2.454352296,0,0.010071225,32.89966931,383.0060693,0,0,0,3.40E-06,0,0,2.57E-04,0.724422516,8.138097118,65.21999133,6.131855688,17.65713492,0,1462.815623,0,0.01313794,0.410799589,0,9.529844742
1822,2.427436226,0,0.010071225,32.99992464,378.7611714,0,0,0,3.43E-06,0,0,2.61E-04,0.716067752,8.18657383,64.46791318,5.887471615,17.60197424,0,1456.251711,0,0.013671217,0.41954043,0,9.370605071
1823,2.411252197,0,0.010071225,32.90869987,374.4386961,0,0,0,3.47E-06,0,0,2.65E-04,0.711588454,8.13073061,63.50933341,5.847847647,17.34637831,0,1455.704927,0,0.014480577,0.428467254,0,9.251657436
1824,2.444057389,0,0.010071225,33.08523311,377.084131,0,0,0,3.50E-06,0,0,2.69E-04,0.71639312,8.128138534,63.82302813,6.017759637,17.29373395,0,1470.63835,0,0.015075374,0.437584021,0,9.382796217
1825,2.459202667,0,0.010071225,33.43204876,380.3422531,0,0,0,3.54E-06,0,0,2.73E-04,0.722847019,8.245528424,64.45401013,5.958285969,17.6392444,0,1493.407218,0,0.015580598,0.44689477,0,9.419181985
1826,2.461465312,0,0.010071225,33.51712808,378.8388543,0,0,0,3.57E-06,0,0,2.77E-04,0.719704854,8.249748753,64.09246285,5.946386054,17.45953546,0,1487.8858,0,0.015762057,0.45640363,0,9.399386371
1827,2.49026056,0,0.010071225,33.80387063,382.4868459,0,0,0,3.61E-06,0,0,2.81E-04,0.726778271,8.308860415,64.67678665,6.023559325,17.64642004,0,1520.213587,0,0.016914432,0.466114816,0,9.498693579
1828,2.568916482,0,0.010071225,34.50272263,396.0033316,0,0,0,3.64E-06,0,0,2.85E-04,0.751526457,8.521623198,67.20480254,6.25884955,18.33673805,0,1571.590548,0,0.017102954,0.476032633,0,9.835186192
1829,2.531187015,0,0.010071225,34.3649348,389.1945839,0,0,0,3.68E-06,0,0,2.89E-04,0.741467513,8.484089225,65.88016779,6.081342468,18.05826903,0,1553.466578,0,0.017130872,0.486161478,0,9.610611732
1830,2.557929831,0,0.010071225,34.69235531,392.0238388,0,0,0,3.72E-06,0,0,2.93E-04,0.747266267,8.532404209,66.25924859,6.13395467,18.18504451,0,1654.701373,0,0.022657333,0.49650584,0,9.686032911
1831,2.520918427,0,0.010071225,34.50561621,384.0998184,0,0,0,3.75E-06,0,0,2.97E-04,0.734237502,8.440935737,64.66143375,5.994748641,17.75822562,0,1612.524366,0,0.021625217,0.507070306,0,9.499478221
1832,2.519068719,0,0.010071225,34.5532127,382.2629496,0,0,0,3.79E-06,0,0,3.01E-04,0.73228966,8.417794218,64.20418213,5.993388731,17.63143052,0,1613.818623,0,0.021951817,0.517859559,0,9.457016617
1833,2.52782603,0,0.010070485,34.83030364,383.3641256,0,0,0,3.82E-06,0,0,3.05E-04,0.733578494,8.492332639,64.41112104,5.929121249,17.76835687,0,1626.207166,0,0.022446119,0.528878381,0,9.460788317
1834,2.588401288,0,0.010071964,35.46856221,394.0595254,0,0,0,3.86E-06,0,0,3.09E-04,0.754676704,8.699086501,66.4593416,6.05690537,18.36954884,0,1671.012028,0,0.022983608,0.540131658,0,9.674045851
1835,2.586054892,0,0.010071225,35.43759365,390.4339165,0,0,0,3.90E-06,0,0,3.13E-04,0.747942265,8.619012068,65.59577181,6.070214225,18.09500172,0,1667.500252,0,0.023485333,0.551624377,0,9.645869798
1836,2.58948247,0,0.010071225,35.7145903,389.8064235,0,0,0,3.93E-06,0,0,3.17E-04,0.745653723,8.682446081,65.45275971,5.942603848,18.16967414,0,1730.970063,0,0.027329947,0.563361635,0,9.577240342
1837,2.630585354,0,0.010071225,35.99369465,394.5948285,0,0,0,3.97E-06,0,0,3.21E-04,0.75516421,8.712455802,66.20331505,6.130165893,18.2988366,0,1745.302542,0,0.027390423,0.575348634,0,9.750268215
1838,2.673073029,0,0.010071225,36.37966907,401.1436504,0,0,0,4.00E-06,0,0,3.25E-04,0.769918756,8.803959337,67.33982549,6.285215031,18.59770229,0,1787.279354,0,0.028371759,0.587590687,0,9.900667109
1839,2.653204528,0,0.010071225,36.48326044,396.7384818,0,0,0,4.04E-06,0,0,3.29E-04,0.759507549,8.81693258,66.51155016,6.089169767,18.47116628,0,1790.570257,0,0.029444981,0.600093222,0,9.780483841
1840,2.648887359,0,0.010071225,36.70613108,395.6608619,0,0,0,4.07E-06,0,0,3.33E-04,0.75766995,8.884594783,66.33050233,5.945635097,18.54980504,0,1816.137921,0,0.03111235,0.612861782,0,9.693618389
1841,2.702476335,0,0.010071225,37.05877473,402.1646702,0,0,0,4.11E-06,0,0,3.37E-04,0.77135114,8.919139776,67.36048845,6.198129349,18.73314402,0,1856.148972,0,0.032232385,0.625902026,0,9.897104235
1842,2.666918824,0,0.010070485,37.16009953,396.778975,0,0,0,4.14E-06,0,0,3.41E-04,0.761052034,8.927409745,66.33927259,5.95974668,18.58882907,0,1868.567138,0,0.034003114,0.639219735,0,9.722085545
1843,2.634958809,0,0.010071964,37.0409965,389.4916993,0,0,0,4.18E-06,0,0,3.45E-04,0.750567892,8.848111749,64.84663976,5.821297871,18.22743152,0,1871.391932,0,0.03513892,0.652820814,0,9.513967916
1844,2.673684122,0,0.010071225,37.29104423,392.4167733,0,0,0,4.22E-06,0,0,3.49E-04,0.756068496,8.837487018,65.19036055,6.002209993,18.20040145,0,1923.473211,0,0.037422405,0.666711292,0,9.646275953
1845,2.707057972,0,0.010071225,37.79881481,397.4985465,0,0,0,4.25E-06,0,0,3.53E-04,0.765500022,8.962990059,66.11881877,5.986408218,18.63055395,0,2008.157954,0,0.040818949,0.680897326,0,9.723495091
1846,2.713078243,0,0.010071225,37.90304985,395.5478618,0,0,0,4.29E-06,0,0,3.57E-04,0.762033153,8.953978441,65.68108552,5.974563785,18.44133853,0,2000.888008,0,0.041720242,0.695385205,0,9.695528253
1847,2.770089015,0,0.010071225,38.41676994,402.6066753,0,0,0,4.32E-06,0,0,3.61E-04,0.774808339,9.049920799,66.89044947,6.113154475,18.81675749,0,2096.49523,0,0.045539423,0.710181352,0,9.874217347
1848,2.831926259,1.49E-05,0.010070485,39.0531769,413.2033712,0,0,0,4.36E-06,0,0,3.65E-04,0.794293004,9.217810072,68.85642992,6.291568443,19.36909759,0,2168.923927,0,0.046290358,0.725292325,0,10.13723992
1849,2.813400041,1.20E-04,0.010071964,39.07777331,408.5988188,0,0,0,4.39E-06,0,0,3.69E-04,0.787857893,9.184209847,67.89211647,6.186622144,19.15518396,0,2202.690398,0,0.04873497,0.740724824,0,9.97923566
1850,2.838033935,2.25E-04,0.010071225,39.43512588,411.1602404,0,0,0,4.44E-06,0,0,3.74E-04,0.793342737,9.241408501,68.25794431,6.201041175,19.31877499,0,2216.954077,0,0.052169913,0.740726667,0,10.03337518
1851,2.799313762,2.41E-04,0.010071225,39.29012898,401.9177029,0,0,0,4.48E-06,0,0,3.78E-04,0.77854621,9.112910901,66.41781578,6.066457178,18.82136019,0,2195.023799,0,0.052734148,0.76986,0,9.822064926
1852,2.786431995,2.42E-04,0.010071225,39.36808337,397.1145409,0,0,0,4.51E-06,0,0,3.83E-04,0.770753217,9.056074129,65.42408742,5.984610091,18.58304327,0,2213.206268,0,0.055233346,0.79622,0,9.696690544
1853,2.81315721,2.43E-04,0.010071225,39.80439125,399.8971052,0,0,0,4.55E-06,0,0,3.87E-04,0.775848116,9.121741942,65.9112542,5.997929905,18.77535201,0,2258.287924,0,0.058067517,0.80116,0,9.754255943
1854,2.900816506,2.44E-04,0.010071225,40.76912436,412.7830969,0,0,0,4.58E-06,0,0,3.90E-04,0.799386861,9.334597218,68.26960864,6.170820123,19.46876675,0,2453.971568,0,0.067706572,0.812106667,0,10.01128682
1855,2.890398306,2.45E-04,0.010070485,40.78105786,407.4292514,0,0,0,4.62E-06,0,0,3.95E-04,0.789686525,9.230695815,67.11703333,6.146217144,19.13132137,0,2451.739258,0,0.068801564,0.82637,0,9.937935996
1856,2.878172419,2.47E-04,0.010071964,41.08091665,404.1253101,0,0,0,4.65E-06,0,0,3.98E-04,0.782212369,9.267888532,66.51130207,5.941986494,19.10804117,0,2525.261072,0,0.073343705,0.83075,0,9.793745426
1857,2.949508441,2.49E-04,0.010071225,41.62949197,414.012182,0,0,0,4.69E-06,0,0,4.03E-04,0.80215466,9.333613012,68.19987111,6.274742461,19.46105669,0,2582.575197,0,0.074200979,0.8438,0,10.10892399
1858,2.981518724,2.51E-04,0.010071225,42.01331791,418.4313102,0,0,0,4.73E-06,0,0,4.07E-04,0.813052052,9.386140475,68.94537028,6.398628936,19.66429213,0,2629.702024,0,0.075758148,0.84946,0,10.21508488
1859,2.977963272,2.53E-04,0.010071225,42.3627434,415.7238763,0,0,0,4.76E-06,0,0,4.10E-04,0.804586949,9.424200344,68.435394,6.209016215,19.65087673,0,2724.603755,0,0.080229764,0.86133,0,10.11752254
1860,2.986711735,2.55E-04,0.010810676,42.7779974,415.4857332,0,0,0,4.79E-06,0,0,4.14E-04,0.804123942,9.47359167,68.33460523,6.111250448,19.73671101,0,2858.03264,0,0.087775529,0.790386667,0,10.05342348
1861,3.012361658,2.57E-04,0.010810691,43.09975954,416.6762468,0,0,0,4.83E-06,0,0,4.19E-04,0.809041358,9.451789266,68.37982172,6.260969204,19.64929387,0,2929.799693,0,0.092433465,0.75508,0,10.12508822
1862,2.995290009,2.60E-04,0.010071254,43.39104643,413.566785,0,0,0,4.87E-06,0,0,4.23E-04,0.804574126,9.503044718,67.85296092,6.078480472,19.63473619,0,2941.530908,0,0.094493695,0.734786667,0,10.01235669
1863,2.971092441,2.62E-04,0.010071254,43.46263516,406.723826,0,0,0,4.91E-06,0,0,4.27E-04,0.796266419,9.428999807,66.40931734,5.963862379,19.28297617,0,3051.465964,0,0.100739866,0.726753333,0,9.81034608
1864,3.01459739,2.65E-04,0.010071254,43.92868901,409.8628109,0,0,0,4.94E-06,0,0,4.31E-04,0.802777813,9.436608728,66.80043049,6.134475913,19.29155634,0,3200.32382,0,0.108359317,0.733226667,0,9.933088896
1865,3.072531622,2.68E-04,0.010810706,44.74411485,419.0670848,0,0,0,4.98E-06,0,0,4.35E-04,0.820988383,9.612496154,68.51645081,6.236889112,19.87211387,0,3349.59467,0,0.115115765,0.711866667,0,10.13499279
1866,3.068226593,2.71E-04,0.01081072,44.97418712,415.6946408,0,0,0,5.01E-06,0,0,4.39E-04,0.815933576,9.591771966,67.79242513,6.195875505,19.63464783,0,3405.14876,0,0.118808939,0.71533,0,10.06241445
1867,3.123009894,2.74E-04,0.010070544,45.63493063,422.8499009,0,0,0,5.05E-06,0,0,4.43E-04,0.83055808,9.707051553,69.06519046,6.338010691,19.98599973,0,3602.909637,0,0.127171982,0.702786667,0,10.23916888
1868,3.192105493,2.77E-04,0.010072023,46.38221758,433.4085312,0,0,0,5.08E-06,0,0,4.47E-04,0.851624428,9.877936908,71.03868975,6.538642532,20.52320096,0,3723.992584,0,0.130789669,0.69958,0,10.50272066
1869,3.157895695,2.81E-04,0.010810735,46.42626827,424.7919374,0,0,0,5.12E-06,0,0,4.51E-04,0.838697207,9.807947457,69.3179918,6.350514538,20.12254167,0,3861.473339,0,0.138742414,0.69759,0,10.23966513
1870,3.20799719,2.84E-04,0.01081075,47.0149188,431.516276,0,0,0,5.15E-06,0,0,4.55E-04,0.853488999,9.922711842,70.50949406,6.466849098,20.50234749,0,3965.771861,0,0.142067366,0.794603333,0,10.41462148
1871,3.177830251,2.88E-04,0.010071314,47.10992113,423.4650013,0,0,0,5.19E-06,0,0,4.59E-04,0.842564005,9.84085715,68.8276141,6.37909081,20.0040915,0,4152.628095,0,0.151701823,0.81797,0,10.24029457
1872,3.167329069,2.92E-04,0.010810765,47.3926568,416.7138442,0,0,0,5.23E-06,0,0,4.63E-04,0.831903738,9.80532387,67.32304963,6.229518625,19.64954181,0,4439.578283,0,0.168278978,0.861846667,0,10.01639995
1873,3.241761177,2.96E-04,0.01081078,48.370041,428.3431238,0,0,0,5.26E-06,0,0,4.67E-04,0.854947626,10.02878079,69.48012364,6.426766066,20.22971114,0,4701.413757,0,0.179080702,0.87587,0,10.28896686
1874,3.268773222,3.00E-04,0.010810794,48.86496971,435.1254238,0,0,0,5.30E-06,0,0,4.71E-04,0.87278523,10.20519107,70.86821318,6.538490766,20.60943384,0,4648.791817,0,0.174259756,0.903573333,0,10.44421834
1875,3.235317481,3.05E-04,0.010810809,49.00066978,426.1015393,0,0,0,5.33E-06,0,0,4.75E-04,0.858225643,10.10514034,68.99862311,6.426143161,20.05179635,0,4845.165943,0,0.18347784,0.90945,0,10.26026139
1876,3.245028564,3.09E-04,0.010810824,49.5464246,428.6471447,0,0,0,5.37E-06,0,0,4.79E-04,0.864719365,10.26224175,69.59773986,6.3697667,20.3010359,0,4954.270075,0,0.187259403,0.92454,0,10.27430539
1877,3.285168907,3.14E-04,0.010810839,50.00706914,433.2583884,0,0,0,5.41E-06,0,0,4.83E-04,0.877525591,10.31604441,70.30105635,6.580768219,20.39169367,0,5094.483231,0,0.191587022,0.94887,0,10.43938763
1878,3.309996544,3.19E-04,0.010810853,50.45506939,437.2597349,0,0,0,5.44E-06,0,0,4.87E-04,0.890491147,10.40702776,71.01483804,6.718046485,20.53409048,0,5158.082027,0,0.194139429,0.963836667,0,10.54282302
1879,3.340852438,3.23E-04,0.010810868,51.16654599,440.3102302,0,0,0,5.47E-06,0,0,4.91E-04,0.894150401,10.57818581,71.61411726,6.622558325,20.80353826,0,5452.891392,0,0.208465344,0.979423333,0,10.56405478
1880,3.338098125,3.29E-04,0.010810144,51.63596652,436.5749907,0,0,0,5.51E-06,0,0,4.95E-04,0.889623523,10.59604704,70.72613097,6.510941389,20.65103867,0,5931.0298,0,0.235936671,0.98884,0,10.39998096
1881,3.378559466,3.34E-04,0.011551088,52.25462258,440.2457493,0,0,0,5.55E-06,0,0,4.99E-04,0.901462871,10.64782135,71.24559102,6.723111965,20.64829933,0,6143.697161,0,0.24171897,0.983476667,0,10.54135484
1882,3.362150396,3.39E-04,0.011550379,52.71465122,435.4018897,0,0,0,5.59E-06,0,0,5.04E-04,0.894934227,10.70335201,70.27290971,6.52426963,20.48217909,0,6405.59046,0,0.255257558,1.00537,0,10.37504512
1883,3.33641606,3.45E-04,0.010810957,52.95499713,427.5621842,0,0,0,5.62E-06,0,0,5.08E-04,0.886699268,10.6484475,68.57237226,6.410001555,20.03484712,0,6714.470275,0,0.271096853,1.021876667,0,10.14707093
1884,3.395042863,3.50E-04,0.010810972,53.68121224,436.044403,0,0,0,5.66E-06,0,0,5.12E-04,0.906528496,10.79870542,70.09837584,6.656807466,20.3354305,0,6834.496679,0,0.274852281,1.02328,0,10.39554276
1885,3.400953492,3.56E-04,0.011550438,54.2316248,437.7534929,0,0,0,5.69E-06,0,0,5.16E-04,0.914514747,10.926074,70.45052652,6.631327711,20.5295604,0,6889.934377,0,0.278005873,1.024873333,0,10.42134381
1886,3.409897716,3.62E-04,0.011550467,54.66972746,437.5172064,0,0,0,5.73E-06,0,0,5.20E-04,0.918125087,10.98648337,70.36633059,6.689772949,20.38608994,0,6950.772605,0,0.283459516,1.023496667,0,10.44478329
1887,3.452844486,3.68E-04,0.011550497,55.46260182,442.8047385,0,0,0,5.77E-06,0,0,5.24E-04,0.931814978,11.12387058,71.28918428,6.806052386,20.64331674,0,7217.037926,0,0.298220616,1.039526667,0,10.57643706
1888,3.538923439,3.74E-04,0.011550526,56.58630341,452.3742382,0,0,0,5.80E-06,0,0,5.28E-04,0.951688882,11.32816564,72.86872919,6.962673525,21.10673066,0,7872.988126,0,0.329281817,1.037236667,0,10.7687822
1889,3.511590876,3.81E-04,0.011550556,56.8740567,448.4859191,0,0,0,5.84E-06,0,0,5.32E-04,0.952666208,11.34955797,72.19390624,6.948311988,20.86238031,0,7882.487842,0,0.329456308,1.04668,0,10.67876449
1890,3.572551678,3.87E-04,0.011550586,57.81021509,454.0661331,0,0,0,5.87E-06,0,0,5.36E-04,0.971675373,11.48430078,72.97597086,7.046623292,21.09388496,0,8468.733966,0,0.357506877,1.12346,0,10.80315032
1891,3.54133158,3.94E-04,0.011550615,57.94270444,444.8959883,0,0,0,5.91E-06,0,0,5.40E-04,0.960098265,11.40955372,71.03852873,6.933544604,20.51725053,0,8811.872689,0,0.374215487,1.147963333,0,10.58494661
1892,3.526000502,4.01E-04,0.011550645,58.10938043,440.5664516,0,0,0,5.95E-06,0,0,5.45E-04,0.957701871,11.436712,70.14248512,6.85138016,20.2669253,0,8956.057366,0,0.37816115,1.14129,0,10.46550221
1893,3.540428562,4.08E-04,0.012290126,58.5465343,444.3544835,0,0,0,5.99E-06,0,0,5.49E-04,0.970811024,11.60399348,70.94927769,6.883196171,20.49666903,0,8901.510388,0,0.375623247,1.151443333,0,10.55626272
1894,3.613622175,4.15E-04,0.01229017,59.66527786,457.5315259,0,0,0,6.02E-06,0,0,5.52E-04,1.002078788,11.87527614,73.46643144,7.141535212,21.14635369,0,9247.036261,0,0.388954833,1.174596667,0,10.84698204
1895,3.632820778,4.22E-04,0.011550763,60.12826346,454.8301602,0,0,0,6.06E-06,0,0,5.57E-04,0.999862724,11.87355666,72.68443957,7.165624862,20.84237591,0,9732.267164,0,0.412287364,1.17087,0,10.81102326
1896,3.579187165,4.30E-04,0.012290244,60.37599128,444.989978,0,0,0,6.09E-06,0,0,5.61E-04,0.98692305,11.90869395,70.98808947,6.873040218,20.48678711,0,10028.49783,0,0.425388483,1.175016667,0,10.50839447
1897,3.671547275,4.37E-04,0.012290288,61.34265263,457.0981719,0,0,0,6.13E-06,0,0,5.65E-04,1.017066625,12.06544076,73.11260501,7.304447275,20.88596366,0,10516.35625,0,0.444743291,1.194173333,0,10.87469579
1898,3.697583329,4.45E-04,0.012290333,61.90456084,457.2518013,0,0,0,6.17E-06,0,0,5.69E-04,1.02470795,12.12133188,72.99836524,7.387366458,20.80289101,0,11079.88143,0,0.468391807,1.198486667,0,10.87657798
1899,3.759002003,4.86E-04,0.012290377,63.08867052,462.6944231,0,0,0,6.20E-06,0,0,5.73E-04,1.034493233,12.35643575,73.94849391,7.333273677,21.17062405,0,12018.05615,0,0.509371354,1.208246667,0,10.93007334
1900,3.761944659,0.002392668,0.028558348,63.70311395,460.1538267,0,0,0,6.24E-06,0,0,5.77E-04,1.036910028,12.41367012,73.41660276,7.302198145,21.05142318,0,12585.67253,0,0.536545976,1.21745,0,10.8411196
1901,3.783240602,0.004820097,0.047784449,64.07144672,458.7443106,0,0,0,6.28E-06,0,0,5.82E-04,1.040610546,12.42246853,73.08051362,7.441332225,20.78424586,0,13065.20302,0,0.555984547,1.251486667,0,10.86716331
1902,3.777290058,0.005778122,0.050743008,64.47469155,456.1617374,0,0,0,6.32E-06,0,0,5.86E-04,1.041494196,12.5181924,72.65577334,7.369812729,20.6410592,0,13428.0428,0,0.571237134,1.263033333,0,10.78838838
1903,3.797986486,0.006957613,0.05591998,65.0547978,451.728522,0,0,0,6.36E-06,0,0,5.90E-04,1.037360448,12.52744069,71.49479943,7.313095182,20.31894589,0,14486.45726,0,0.620987694,1.27268,0,10.63359666
1904,3.863011834,0.009436339,0.068491568,65.99696461,464.4196191,0,0,0,6.39E-06,0,0,5.94E-04,1.068652794,12.80654037,74.14185492,7.618083186,20.93290212,0,14755.67042,0,0.629637693,1.302376667,0,10.95292992
1905,3.928338534,0.013412831,0.087718467,66.76019785,469.4950984,0,0,0,6.43E-06,0,0,5.99E-04,1.080264544,12.91437596,74.86317785,7.815401153,21.02478553,0,15662.0194,0,0.669880892,1.311106667,0,11.12540217
1906,3.963671564,0.018196454,0.11138246,67.43594698,468.4276859,0,0,0,6.47E-06,0,0,6.03E-04,1.086192202,13.00496125,74.59584942,7.85051644,20.89874812,0,16598.30957,0,0.713187861,1.32956,0,11.05428691
1907,4.10844283,0.016966195,0.10398923,69.22163459,483.0155965,0,0,0,6.51E-06,0,0,6.07E-04,1.114555904,13.24861818,76.9619924,8.212333663,21.44431433,0,18261.45741,0,0.792307366,1.33021,0,11.37773909
1908,4.088142407,0.021404879,0.12765503,69.42306437,485.6047783,0,0,0,6.54E-06,0,0,6.11E-04,1.132798656,13.42586569,77.95053728,8.32848805,21.62457185,0,17555.87625,0,0.76807639,1.34316,0,11.46398679
1909,4.110321359,0.036714367,0.21121463,69.89759356,482.8673322,0,0,0,6.58E-06,0,0,6.16E-04,1.136210178,13.4687312,77.41657846,8.362910324,21.39468055,0,18398.74281,0,0.797768265,1.364543333,0,11.40215149
1910,4.19557652,0.042342327,0.24301505,70.96387003,493.4831768,0,0,0,6.62E-06,0,0,6.20E-04,1.161729942,13.71836828,79.30381592,8.584314758,21.89316936,0,19245.49296,0,0.837392238,1.30954,0,11.63043029
1911,4.164511766,0.047217079,0.27037941,71.40488086,484.6380408,0,0,0,6.66E-06,0,0,6.24E-04,1.154051427,13.66142833,77.52164681,8.529953721,21.31158109,0,19399.12284,0,0.853133452,1.30066,0,11.4276657
1912,4.171818381,0.055977137,0.31844894,72.08846962,480.6701796,0,0,0,6.70E-06,0,0,6.29E-04,1.152839152,13.69000926,76.50004189,8.494024768,21.01870686,0,20055.52897,0,0.895119591,1.273826667,0,11.2819103
1913,4.262833282,0.05934571,0.33694139,73.83683282,490.7295494,0,0,0,6.74E-06,0,0,6.33E-04,1.174016016,13.89139429,78.12107874,8.746933954,21.35817641,0,20897.34211,0,0.966151544,1.26099,0,11.49216209
1914,4.209193312,0.064801984,0.36726542,73.96680415,497.5199023,0,0,0,6.77E-06,0,0,6.36E-04,1.204278461,14.20462888,80.31297626,8.838521471,21.91138328,0,19161.16709,0,0.87919237,1.26275,0,11.7132743
1915,4.176868698,0.084000629,0.47153519,74.09383619,488.5721755,0,0,0,6.81E-06,0,0,6.41E-04,1.197407554,14.18860486,78.75489101,8.778627193,21.37318762,0,19078.52693,0,0.866143351,1.242723333,0,11.53286446
1916,4.226879475,0.10465075,0.58467971,75.43488036,487.7925378,0,0,0,6.85E-06,0,0,6.46E-04,1.199535343,14.29297361,78.51271008,8.837170049,21.23091752,0,20732.94418,0,0.929652986,1.23945,0,11.47868033
1917,4.33258182,0.11034348,0.61870744,76.85094636,499.191031,0,0,0,6.89E-06,0,0,6.51E-04,1.228025872,14.443776,80.48820242,9.331615133,21.50174798,0,21614.86468,0,0.962215611,1.21704,0,11.82516161
1918,4.334855573,0.10461425,0.58914082,77.11209019,502.9654425,0,0,0,6.93E-06,0,0,6.55E-04,1.246957982,14.64174646,81.49532306,9.46095627,21.67812411,0,21391.99011,0,0.946514633,1.20546,0,11.92958253
1919,4.144402776,0.10155164,0.57214502,76.52093376,496.3066875,0,0,0,6.96E-06,0,0,6.59E-04,1.252193507,14.84734234,81.75970934,9.285252752,21.58520229,0,18290.66604,0,0.826294472,1.196843333,0,11.88476865
1920,4.280922529,0.071874804,0.41169313,78.73375153,506.269322,0,0,0,7.01E-06,0,0,6.64E-04,1.268294646,14.96150555,82.73073686,9.708311782,21.67432946,0,20286.09328,0,0.947042506,1.303693333,0,12.02530641
1921,4.106361522,0.05599481,0.32444592,77.58108389,493.3782729,0,0,0,7.05E-06,0,0,6.68E-04,1.266141825,14.92050483,81.03226052,9.610296106,21.12233936,0,17331.63799,0,0.833524788,1.360703333,0,11.84895777
1922,4.105174368,0.10093674,0.56921203,79.0071628,490.1637976,0,0,0,7.09E-06,0,0,6.73E-04,1.270283142,14.9710324,80.38170996,9.702915517,20.76511513,0,18135.52559,0,0.881414595,1.380073333,0,11.70841024
1923,4.439836404,0.13753371,0.77479139,82.06570806,524.0021078,0,0,0,7.13E-06,0,0,6.78E-04,1.322559289,15.36613283,85.45925489,10.4752905,21.8113552,0,19934.59457,0,0.987032271,1.410523333,0,12.48358492
1924,4.330115151,0.14595489,0.82730698,82.57126606,507.9453845,0,0,0,7.17E-06,0,0,6.82E-04,1.313411326,15.30032861,82.56333302,10.19019647,21.18818977,0,19944.38307,0,0.993567092,1.395716667,0,11.98232639
1925,4.363149245,0.15281139,0.86947278,83.63698079,511.2710066,0,0,0,7.21E-06,0,0,6.87E-04,1.353428739,15.70073337,83.2658469,10.4513983,21.19938931,0,20115.18937,0,1.011090588,1.432546667,0,12.11617098
1926,4.32079354,0.16877181,0.96266008,83.88112461,508.4247384,0,0,0,7.25E-06,0,0,6.92E-04,1.379352494,15.98017367,82.97884972,10.54928074,21.04333438,0,20647.42032,0,1.010829445,1.43729,0,12.06329192
1927,4.403017966,0.19366311,1.1076116,87.06786434,521.1775959,0,0,0,7.29E-06,0.004945027,0,6.96E-04,1.413731088,16.24816192,85.30299453,11.08698223,21.28759347,0,21849.53128,0,1.096717838,1.438653333,0,12.37401572
1928,4.346990432,0.2132805,1.2252077,88.35742796,520.4248386,0,0,0,7.32E-06,0.030139896,0,6.99E-04,1.432256273,16.42840671,85.73729848,11.20592154,21.28727117,0,21960.42103,0,1.0999354,1.453786667,0,12.39615683
1929,4.40775465,0.20802541,1.2037865,90.8340661,530.7740746,0,0,0,7.35E-06,0.003329301,0,7.02E-04,1.464990956,16.67059557,87.7177604,11.58366355,21.63223775,0,23457.91812,0,1.181675527,1.46901,0,12.61158767
1930,4.349934972,0.17035764,0.99750344,91.40509178,536.599209,0,0,0,7.36E-06,-0.026051043,0,7.03E-04,1.492685849,16.89395364,89.96640727,11.58082262,22.19451411,0,21711.08766,0,1.088057214,1.484186667,0,12.82937727
1931,4.101155482,0.11326202,0.6766021,90.37992423,506.126345,0,0,0,7.38E-06,-0.003829208,0,7.06E-04,1.45392895,16.71958829,84.8638042,10.77228865,20.97858331,0,19179.63404,0,0.981183513,1.507726667,0,12.07681938
1932,4.068651772,0.085847633,0.51911084,90.91984536,510.9037584,0,0,0,7.40E-06,7.43E-04,0,7.08E-04,1.467999492,16.83499809,86.3170468,10.81764371,21.31485488,0,17032.94954,0,0.888351951,1.518923333,0,12.28699437
1933,4.05831502,0.1016274,0.61081444,92.65423661,508.7313182,0,0,0,7.43E-06,8.08E-04,0,7.11E-04,1.460519489,16.86401015,86.0223653,10.72229108,21.18388673,0,17989.83107,0,0.930604576,1.506796667,0,12.16169924
1934,4.21614767,0.15202423,0.91252255,95.76030429,527.6846249,0,0,0,7.47E-06,8.78E-04,0,7.15E-04,1.496201255,17.0357706,89.43792035,11.36256178,21.87589776,0,19841.27297,0,1.008287197,1.521406667,0,12.59534008
1935,4.239790074,0.22028466,1.3303298,97.74477143,528.4475728,0,0,0,7.50E-06,9.54E-04,0,7.19E-04,1.495900986,17.01764822,89.46272846,11.5658978,21.72675097,0,21376.04628,0,1.058657836,1.504236667,0,12.59037266
1936,4.403333953,0.28820401,1.7570203,101.0537413,548.0538126,0,0,0,7.55E-06,0.001037276,0,7.24E-04,1.544224464,17.34799315,93.01030189,12.27538318,22.35182666,0,22924.79864,0,1.158046656,1.540623333,0,13.11313017
1937,4.410033034,0.34372195,2.1186454,103.414419,547.4949097,0,0,0,7.58E-06,0.001127477,0,7.28E-04,1.559426366,17.42966755,92.82626572,12.52912058,22.03092717,0,24661.37928,0,1.235878137,1.535463333,0,13.05192933
1938,4.260737287,0.39883954,2.4891541,103.5957123,530.7183143,0,0,0,7.61E-06,0.001225424,0,7.31E-04,1.571218453,17.4085639,90.35633308,12.04271454,21.39713228,0,22931.61416,0,1.165118766,1.546356667,0,12.69618365
1939,4.396295953,0.43390074,2.745053,106.307096,548.985535,0,0,0,7.64E-06,0.001332062,0,7.35E-04,1.633073377,17.67333048,93.79431608,12.67410946,22.12218822,0,24490.37954,0,1.228418946,1.5381,0,13.15381043
1940,4.420356508,0.50172554,3.2190952,108.3841017,545.0056234,0,0,0,7.69E-06,0.001448183,0,7.41E-04,1.656685109,17.62214903,92.81679195,12.99004887,21.65689592,0,26975.63589,0,1.356296165,1.567523333,0,13.04100283
1941,4.464747479,0.64957282,4.2240743,111.2538967,548.4204694,0,0,0,7.73E-06,0.00157415,0,7.45E-04,1.696039536,17.72154706,93.21535699,13.19678989,21.52902695,0,28018.36269,0,1.391452572,1.607846667,0,13.11831164
1942,4.554928115,0.84353078,5.585489,113.3427644,556.3724658,0,0,0,7.76E-06,0.001710955,0,7.48E-04,1.742316963,17.88965459,94.65222345,13.29682167,22.09192331,0,28645.60721,0,1.395604028,1.61171,0,13.23320332
1943,4.582587003,0.80476688,5.4576739,116.4652907,557.8753091,0,0,0,7.79E-06,0.001859737,0,7.52E-04,1.778273133,17.90574077,94.9086066,13.61952356,21.8822573,0,29064.81891,0,1.442652199,1.608706667,0,13.31551046
1944,4.592887529,0.41764093,2.9606569,120.029168,565.9002995,0,0,0,7.83E-06,0.002021507,0,7.56E-04,1.832784519,18.1312257,96.80762171,13.96923097,22.03351909,0,28264.0637,0,1.429033861,1.590083333,0,13.60715008
1945,4.37109524,0.20111842,1.5076942,119.8499388,557.9917251,0,0,0,7.86E-06,0.002197258,0,7.60E-04,1.856316262,18.19429959,95.93310078,13.72842258,21.61475833,0,24470.98081,0,1.207153952,1.60027,0,13.63121808
1946,4.347386175,0.27970458,2.0726649,122.8076477,549.8029619,0,0,0,7.89E-06,0.002388349,0,7.64E-04,1.887054873,18.33459262,94.15225814,13.58969089,21.25110813,0,23882.44507,0,1.274179829,1.590506667,0,13.26037597
1947,4.382722903,0.34838359,2.6369074,128.1698053,555.9931282,0,0,0,7.94E-06,0.002596315,0,7.69E-04,1.952921793,18.56774163,95.58831448,14.29613816,21.15064248,0.003372839,26350.40311,0,1.412331429,1.57703,0,13.38506783
1948,4.497010152,0.33316898,2.6243892,132.9577039,576.8723109,0,0,0,7.98E-06,0.003327672,0,7.73E-04,2.029020514,18.97803102,99.69117392,15.1460805,21.61988274,0.023611977,27390.83795,0,1.49324808,1.562433333,0,13.96000423
1949,4.41008252,0.31424196,2.5926444,136.328847,576.6586602,0,0,0,7.99E-06,0.02463759,0,7.75E-04,2.087224603,19.50776076,100.7998987,14.74034924,22.02983508,0.063741035,26701.25144,0,1.467771387,1.551123333,0,13.77890476
1950,4.59207458,0.32876887,2.8441101,141.5577905,602.8023858,0,0,0,8.05E-06,0.10531435,0,7.81E-04,2.205950863,20.17043065,105.9551137,16.07063895,23.03761389,0.16053368,28559.71123,0,1.593964133,1.816056667,0,14.62635234
1951,4.421961465,0.33222262,3.0430784,144.0848339,574.7226982,0,0,0,8.09E-06,0.2343219,0,7.85E-04,2.236533321,20.2776111,100.932687,15.90679783,21.24975496,0.23983988,30253.43532,0,1.714028456,1.96434,0,13.90608865
1952,4.459374211,0.32854487,3.2228257,147.5887655,588.0940055,0,0,0,8.10E-06,0.3628351,0,7.87E-04,2.331246669,20.96155996,104.143677,16.27331007,21.75141243,0.24565292,30920.40581,0,1.751790914,1.979043333,0,14.19081564
1953,4.521805114,0.31999622,3.3863087,150.633283,604.7612597,0,0,0,8.12E-06,0.48047903,0,7.90E-04,2.438330666,21.65538629,107.8015039,16.88196617,22.29645683,0.24572915,31647.20072,0,1.796498888,2.01518,0,14.66438408
1954,4.568249109,0.29457384,3.4048632,153.6358029,609.7666792,0,0,0,8.14E-06,0.59576061,0,7.91E-04,2.520114424,22.09804744,109.1601015,17.22147833,22.28329507,0.24580572,32459.39151,0,1.844317738,2.130686667,0,14.86002247
1955,4.64246108,0.26311875,3.3346824,158.9069016,619.3579063,0,0,0,8.18E-06,0.70910415,0,7.96E-04,2.606549917,22.39056769,111.3997745,18.22420123,22.16267062,0.24588273,35226.09423,0,2.012264941,2.181786667,0,15.12656854
1956,4.860342394,0.22075982,3.0796375,165.8872538,650.0677478,0,0,0,8.21E-06,0.82044371,0,8.00E-04,2.714543687,23.00709575,118.1047387,19.22434839,23.11630405,0.24595899,37695.23765,0,2.142842034,2.199953333,0,15.88635861
1957,5.027697518,0.18587639,2.8571248,172.2074548,670.0880026,0,0,0,8.25E-06,0.92977447,0,8.03E-04,2.826602816,23.72729872,122.7746927,19.98393692,24.01955783,0.24603635,38738.92024,0,2.217046025,2.259866667,0,16.41046307
1958,4.986883986,0.17928487,2.9954591,174.3832382,635.1601596,0,0,0,8.29E-06,1.0371306,0,8.08E-04,2.852310821,23.88455159,115.4254433,19.44529104,22.29586528,0.2461131,39541.20409,0,2.306084077,2.241383333,0,15.51746702
1959,5.06214732,0.18081021,3.2476716,180.6560066,635.3335825,0,0,0,8.33E-06,1.1424694,0,8.12E-04,2.927383537,24.39244182,115.8231769,19.67479079,21.99223767,0.30755864,41438.42089,0,2.416851444,2.37248,0,15.51719434
1960,5.172388373,0.17259465,3.3209398,186.2505247,638.3770077,0,0,0,8.37E-06,1.2458107,0,8.17E-04,3.004510144,24.74450962,117.8865274,20.41138593,21.83754026,0.4304021,43900.39051,0,2.581227891,2.07712,0,15.47522529
1961,5.175388111,0.16861102,3.4304351,192.5323344,675.7310913,0,0,0,8.37E-06,1.346892,0,8.17E-04,3.308870308,25.59263576,127.878334,21.10939233,23.18160824,0.55328481,44618.37105,0,2.598233577,2.082466667,0,16.35317996
1962,5.178072872,0.17112099,3.6249821,195.5828034,656.4971524,0,0,0,8.41E-06,1.4460951,0,8.21E-04,3.37147769,26.12392,123.7446604,21.69297457,22.37420316,0.61483924,46023.19021,0,2.700281174,1.948253333,0,16.16435972
1963,5.360570978,0.18314033,3.9881367,206.4896945,721.9546535,0,0,0,8.39E-06,1.5429261,0,8.19E-04,3.50350525,27.48627218,138.5282654,23.01095884,24.44249794,0.55366285,48046.80143,0,2.853991712,1.897743333,0,17.45872219
1964,5.197571109,0.20130699,4.4326257,210.0133044,671.1162722,0,0,0,8.44E-06,1.6379776,0,8.24E-04,3.51056659,27.48516921,128.3687465,23.47526119,22.20682872,0.49245891,50428.96974,0,3.004514156,1.817663333,0,16.53936946
1965,5.207876249,0.2250418,4.9089192,217.5725787,693.6926217,0,0,0,8.46E-06,1.7308461,0,8.27E-04,3.605640675,28.92819529,134.3609532,24.25629602,22.47602883,0.4926084,51739.96684,0,3.14481609,1.742746667,0,16.99432868
1966,5.220448247,0.26721734,5.6248074,222.2366271,694.5223852,0,0,0,8.51E-06,1.8217969,0,8.32E-04,3.688027814,30.55956746,135.0088303,24.86656088,22.17901,0.61550021,53041.16251,0,3.296599845,1.61494,0,17.18615644
1967,5.322612528,0.32052973,6.3547572,227.9477309,727.9903607,1.25E-05,0,6.90E-05,8.54E-06,1.9105949,0,8.37E-04,3.812799386,32.21775385,142.7270186,26.28567761,23.24150499,0.7384486,53337.75721,0,3.409728746,1.70593,0,18.17216374
1968,5.331029707,0.40423022,7.3324415,233.3433109,718.5769612,8.80E-05,0,4.86E-04,8.63E-06,1.9976935,0,8.46E-04,3.864739764,33.53860438,141.5645658,27.17482619,22.41011669,0.67731523,55689.90037,0,3.611529542,1.726836667,0,18.12312609
1969,5.36881677,0.5206411,8.4831718,240.0196795,723.004275,9.37E-05,0,5.04E-04,0.009824818,2.0817369,0,8.45E-04,3.911483554,34.01392722,142.7772295,27.65631079,21.62221045,0.67751619,57924.00207,0,3.815794263,1.894253333,0,18.3258573
1970,5.512171331,0.6581692,9.5318801,252.2739873,755.1153399,2.47E-05,0,1.09E-04,0.036330653,2.1644992,0,8.52E-04,4.028944696,36.90694582,150.6940493,29.26679166,22.20754563,0.80047128,61684.41213,0,4.106844285,1.825783333,0,19.08217051
1971,5.648040214,0.82992065,10.711494,253.5417985,767.1820055,1.33E-05,0,4.26E-05,0.064586906,2.2451174,0,8.59E-04,4.149980511,37.72808592,153.6039254,30.02637696,22.52194629,0.86210262,61739.67179,0,4.265955969,1.6756,0,19.37195294
1972,5.96104154,1.0559029,12.24311,261.9980337,836.2972487,1.35E-05,0,4.30E-05,0.082580189,2.3233295,0,8.64E-04,4.328054209,38.92956848,168.285424,31.82034368,24.83086182,0.86237286,63423.49295,0,4.45819045,1.75712,0,21.01635449
1973,5.90496576,1.330787,14.085332,266.1651241,788.6474086,1.38E-05,0,5.50E-05,0.090214925,2.4006492,0,8.77E-04,4.421970983,39.07714777,158.3979436,32.51219985,22.72441157,0.92401065,66406.01944,0,4.713276116,1.70695,0,20.04307353
1974,5.977766762,1.4191691,14.311146,266.1868542,784.9125759,1.40E-05,0,0.052416219,0.087063163,2.474116,0,8.78E-04,4.53901778,39.70616112,157.0729764,32.46003021,22.80145578,1.0394718,65564.11447,0,4.697180727,1.72298,0,20.07641734
1975,5.995087691,1.4004084,14.321042,266.5995823,777.3255344,1.42E-05,0,0.19213674,0.072875586,2.545125,0,8.78E-04,4.66251994,40.41858143,153.9363376,31.93198898,22.26460323,1.1646458,64732.99545,0,4.688828813,1.67126,0,19.89902983
1976,6.290248396,1.5554771,16.011714,272.0453168,812.7191019,1.44E-05,0,0.33759564,0.047412585,2.614347,0,8.80E-04,4.848386642,41.36201564,161.9992596,33.47026458,23.51357004,1.4235416,67749.47791,0,4.933254169,1.654006667,0,20.78884398
1977,6.443312521,1.692355,16.762577,275.8037413,823.8818931,2.14E-06,0,0.42456315,0.022180513,3.5323931,0,8.87E-04,4.911605165,42.03891253,164.5936118,34.19898787,23.4678515,2.1583469,68243.01993,0,5.091565171,1.806793333,0,21.0492154
1978,6.686352374,1.7691766,16.898235,278.0582604,843.4677252,-6.25E-05,0,0.45249588,-0.059867027,4.661461,0,8.95E-04,5.059155893,43.01272355,166.8899465,35.19019903,24.03716079,2.8286901,68610.23456,0,5.25152054,1.791456667,0,21.75602122
1979,6.759313978,1.9203395,17.898313,283.2758769,841.0977525,-2.04E-06,0,0.42017076,-0.17766763,5.0937882,0,9.00E-04,5.130835119,43.88318431,167.5281791,35.78335122,24.17207171,2.8296177,69975.05232,0,5.396312973,1.598206667,0,21.57610971
1980,6.631200766,1.9633226,17.664267,281.7607987,831.9442386,7.94E-05,0,0.35605477,-0.12485274,5.1732709,0,9.02E-04,5.160743956,44.56336554,166.098306,35.40555223,24.09557743,2.8304823,69764.2425,0,5.344190679,1.637913333,0,21.28822398
1981,6.510799459,1.7391266,16.187192,276.0346472,816.6845861,1.71E-05,0,0.32601335,0.11779446,4.4274361,0,9.03E-04,5.090805031,44.90839688,162.5346825,34.55730619,23.62487225,2.9541119,67461.2328,0,5.26758533,1.592953333,0,20.94060776
1982,6.798481818,1.6205522,15.97381,281.996709,910.719895,-8.23E-05,0,0.33083911,0.22216908,3.5575865,0,8.94E-04,5.119392155,45.97643251,181.6420996,35.03071171,26.91971432,2.9550432,66021.17346,0,5.238292891,1.509703333,0,23.0439473
1983,6.492832402,1.8456854,16.384525,274.8096715,805.4980111,-2.71E-05,0,0.33559498,0.09748991,3.8040369,0,8.87E-04,5.140107101,45.6388397,158.5586388,33.42908591,23.03163865,3.2014371,64855.64436,0,5.273203625,1.593846667,0,20.66285082
1984,6.698212636,1.954181,14.927399,279.4009058,829.5183317,8.66E-05,0,0.48356263,0.027417786,4.8805395,0,8.93E-04,5.236069866,46.59665472,162.7475646,34.4896328,23.84830321,3.570683,65603.39918,0,5.443846359,1.753493333,0,21.13822871
1985,6.785859561,1.930951,13.863624,281.1492634,846.5355393,2.16E-04,0,0.56320674,0.085787554,5.2553933,0,9.02E-04,5.190930391,47.27567363,163.5616254,35.01447793,24.30526998,3.6945657,65865.2474,0,5.526639389,1.85255,0,21.47322582
1986,6.922980208,2.0447892,14.595216,286.0852186,854.3268759,2.16E-04,6.84E-04,0.57273931,0.044305139,5.6896951,0,9.08E-04,5.21447013,47.98612392,166.1881911,35.89424776,24.38142684,3.9411958,65715.7882,0,5.6284494,1.89501,0,21.59877353
1987,7.111779938,2.1868179,15.122737,290.0162644,889.7878585,5.82E-05,0.004878587,0.79616882,-0.099665792,6.5386064,0,9.14E-04,5.31227065,48.94878179,173.4069932,37.01919037,25.7203792,4.3106697,66897.53991,0,5.809739393,1.773456667,0,22.35777938
1988,7.301897761,2.2384091,15.295333,293.8968765,884.588513,0.021115007,0.06849384,0.88192316,-0.073662439,6.6278139,0,9.28E-04,5.371744859,49.35608864,171.6652752,38.40659975,25.57085889,4.6802608,67447.34168,0,5.99872092,1.680316667,0,22.40399048
1989,7.257178465,2.2075539,15.212081,297.7820144,861.8639048,0.31476996,0.67304705,0.82629641,0.054397397,6.6572182,0,0.006065534,5.343462101,49.81039139,168.3584064,38.81278082,24.71861809,5.0499664,67243.84102,0,6.096045725,1.63232,0,21.68134205
1990,7.366565015,2.1076967,14.407865,299.6992152,872.4008662,0.96053501,1.7208698,0.69729352,0.18589003,6.6838429,0,0.02696988,5.449472334,50.19693173,172.9425249,39.11998746,25.59316979,5.1743108,67172.03085,0,6.261020208,1.590903333,0,21.87394913
1991,7.896938276,1.982897,12.924815,312.6728037,1062.223974,1.727734,2.7251313,0.70613627,0.24819351,7.0572566,0,0.058141591,5.612734086,51.99800531,214.6798242,41.00794097,32.62103175,5.29866,66026.74173,0,6.284273522,1.561216667,0,25.6222744
1992,7.246543079,1.9500444,11.907588,294.1955952,848.1151545,2.4767485,4.0250116,1.0018637,0.18194194,7.9102615,0,0.088755914,5.3868918,50.16829369,168.8542873,39.38632755,24.75908001,5.4230636,63440.07722,0,6.246345296,1.628793333,0,21.23162577
1993,7.444857285,1.9984803,11.381334,294.1580944,879.2923795,3.0949997,11.967198,1.5166355,0.157163,8.3534838,0,0.1188094,5.453229783,50.68475337,174.9053143,40.03288202,26.02138129,5.424762,62386.38216,0,6.278538485,1.564763333,0,22.04163335
1994,7.876275486,2.1430557,11.006658,305.9981835,1001.375418,3.5515518,24.558229,2.3253155,0.20390529,8.737968,0,0.14808425,5.644825947,52.38576161,202.5727222,41.12035769,30.92821889,5.5491826,61111.21041,0,6.326001936,1.820116667,0,24.46238783
1995,7.871744308,2.3880707,10.682998,300.1341066,894.8102738,3.8771223,36.211193,3.4395305,0.29614801,9.315257,0,0.17780027,5.702970046,51.62600913,178.4816825,41.12795108,27.36499691,5.6736625,59816.72599,0,6.473829028,1.71345,0,22.56342353
1996,7.66792154,2.6638414,10.505743,304.1879969,860.740071,4.0579149,48.538296,4.5014521,0.39044285,9.7707047,0,0.20547879,5.795083796,51.77421386,172.875992,41.1469647,26.307556,5.5527008,58340.09929,0,6.607516836,1.785433333,0,21.74427429
1997,8.274176752,2.8728437,10.417958,327.2536269,1148.298085,4.6266327,58.758537,5.5717023,0.427562,9.7952259,4.96E-05,0.25820595,5.964243078,54.58801484,237.6148317,43.4251028,35.88568705,5.7834259,58649.79598,0,6.723946831,2.18876,0,27.9918823
1998,8.298037871,2.9899069,10.335348,309.3459763,1024.083852,6.9049469,70.049792,6.8917397,0.54029666,10.02529,3.58E-04,0.60512272,6.01510252,55.19966767,205.4633905,43.73514018,35.26374248,5.6031107,57756.2914,0,6.767030596,1.853776667,0,31.51128282
1999,7.509652252,2.9607505,10.216505,302.7571836,883.6387759,8.6848445,91.978363,7.9486502,0.7424207,10.07373,0.003108151,1.0699013,5.773539299,53.35247599,178.8478364,41.72548901,27.83187198,5.1676463,55108.77709,0,6.828137578,1.7909,0,27.12410276
2000,7.130429578,2.8153943,9.9231457,303.9169369,830.1249993,10.640667,99.657424,8.5987563,0.86319988,9.2978389,0.034006926,1.411492,5.637808254,53.23815347,169.192636,41.40903357,25.21654865,5.2735332,54723.0474,0,7.031229568,1.677336667,0,26.93792618
2001,7.176137697,3.0480682,10.593275,305.1993049,825.9048385,11.075295,96.243251,9.8521252,0.94275566,8.9840003,0.80619906,1.6540309,5.687468141,53.0038022,169.9317265,41.61434468,24.89055524,5.3282102,55141.98567,0,7.102266921,1.490366667,0,25.83890508
2002,7.543770514,3.4534372,11.982167,310.6657391,912.6878926,12.214474,102.73275,11.617585,1.2107813,9.7208997,2.9170651,2.8037817,5.882279335,54.77831717,191.9121748,42.19446185,30.6181882,5.4976481,54885.57702,0,7.234130361,1.663126667,0,25.06462819
2003,7.620347716,3.16329,12.579882,316.1235194,889.1235705,15.640539,117.40605,13.114832,1.560512,11.005369,5.226518,4.7856897,5.966478208,55.31029861,186.6629637,42.79946027,30.89546979,5.5417194,57315.29524,0,7.582152315,1.998146667,0,26.48128057
2004,7.79962674,2.2029533,12.194883,323.7586163,884.1039398,15.758879,125.65071,13.097501,2.0510461,12.712613,6.6512131,5.4873038,6.053655601,55.57621039,187.6312447,44.39681305,28.59100354,5.6480085,59676.29584,0,7.947744551,1.758696667,0,26.89656199
2005,7.98640048,1.9480504,11.060838,328.2156379,889.0724422,16.143675,126.49199,12.434284,2.365528,14.626529,7.0791974,6.3606922,6.099894315,56.36286326,189.3029595,45.42107996,28.74549093,6.2799143,62535.24344,0,8.218910891,1.618753333,0,26.67361499
2006,7.927796816,2.045423,10.21735,336.7046055,918.4682446,19.891066,133.41048,14.118518,2.3531588,12.639849,6.8754044,8.3862482,6.16416098,57.78852179,198.6567275,45.64739959,30.09821699,6.9409178,62824.02728,0,8.506800186,1.646763333,0,24.57361854
2007,8.082041206,1.7666158,9.3272415,331.785647,866.1698421,26.595246,127.25708,16.399738,2.4154053,9.3262891,6.6980995,8.4029745,6.292385829,58.48842712,185.8958252,47.21783986,28.66251504,6.9754073,62339.66127,0,8.829802473,1.52653,0,25.49478443
2008,7.853940974,1.746034,9.0353429,332.6652531,807.1988411,30.815622,138.28669,17.544095,2.6196596,8.8123411,7.076053,10.669375,6.208626691,58.49146808,177.9316998,46.15771011,26.92205981,6.8835341,60243.93935,0,8.893432995,1.624186667,0,24.27266745
2009,7.652509941,1.7995507,9.6854874,332.9226362,813.2474212,33.926872,160.10848,21.142804,2.9666725,9.9336003,7.8522494,16.223306,6.194082961,58.63877254,180.7040934,43.35247545,26.65456371,7.159861,55297.7826,0,8.697644212,1.78352,0,23.34709545
2010,8.06462618,1.7742176,10.48947,337.403962,844.4232009,35.069515,165.044,20.460881,3.1827017,11.247607,8.7778712,15.914528,6.396657158,60.02385964,187.7129441,44.14700405,29.26907456,7.2759031,53744.10247,0,9.224274059,1.778883333,0,24.54779218
2011,7.689530891,1.8467555,11.056837,340.2776625,799.1873426,43.330418,190.47655,22.158614,3.410604,12.498165,9.4654578,20.415233,6.424517271,60.24227601,182.2156515,44.73273016,26.68616406,7.4656928,55407.34385,0,9.491668655,1.744693333,0,23.28827325
2012,7.888864666,1.794986,9.6609456,344.9730517,840.1453104,45.81505,205.00564,21.423,3.2771162,12.591587,9.054248,24.0671,6.497350196,62.01768958,194.0685801,44.31208944,29.74767477,7.7062836,53794.13475,0,9.600780554,1.823723333,0,25.00929907
2013,7.566822826,1.6324652,8.3027436,342.4217282,786.5605673,38.8888,202.01825,23.8069,2.9986006,11.604213,9.7859,21.452891,6.565612469,61.77831031,183.9840665,42.87469747,26.91580572,7.686158,51287.44654,0,9.778883017,1.72476,0,23.25337842
2014,7.653824906,1.6517,9.8735,348.4314412,839.8995322,57.1243,200.0249,25.2487,3.5393,12.991,10.1025,30.4858,6.72323955,62.99437151,199.5778473,42.56829539,29.75919948,7.8784,49070.3967,0,9.854960231,1.74943,0,23.0116811
2015,7.629746744,1.57,10.8699,354.1227616,891.629947,78.7906,201.9534,32.381,3.6633,14.4857,11.7285,38.5792,6.790149054,63.89131424,213.2289897,42.5334917,32.01772659,8.02,46210.10746,0,9.83178343,1.777463333,0,24.18260881
2016,7.230268187,1.5674,10.8519602,345.6921796,753.7918638,98.363272,214.99666,38.77266,4.06551696,12.12738,13.7053912,32.29838,6.719984255,63.5526411,185.8655501,41.40816396,27.33294491,8.04314,44228.37897,0,9.844518995,1.4674,0,23.53400303
2017,7.292786592,1.5648,10.8340204,348.7363726,746.2664612,117.935944,228.03992,45.16432,4.46773392,9.76906,15.6822824,26.01756,6.855896571,63.98845054,187.062081,41.33635293,29.07561009,8.06628,42483.79235,0,10.00800957,1.448626667,0,22.23926263
2018,7.092048984,1.5622,10.8160806,351.9017827,741.4288514,137.508616,241.08318,51.55598,4.86995088,7.41074,17.6591736,19.73674,6.902446037,64.62544913,186.552979,40.57419893,28.11927364,8.08942,41270.47168,0,10.19206593,1.33243,0,20.68541812
2019,7.394743021,1.5596,10.7981408,358.8501227,816.6665269,157.081288,254.12644,57.94764,5.27216784,5.05242,19.6360648,13.45592,7.02401034,66.28741375,205.8864619,40.81624052,34.02871672,8.11256,40497.74857,0,10.21282053,1.333836667,0,23.12607984
2020,6.97041682,1.557,10.780201,345.3226874,727.5013685,176.65396,267.1697,64.3393,5.6743848,2.6941,21.612956,7.1751,6.93835602,66.22535357,185.5478687,37.28902364,29.43148002,8.1357,34128.35506,0,9.751178036,1.23268,0,22.51955834
2021,7.339759991,1.55626,10.775021,355.8435034,786.4302273,181.708385,261.75265,66.04767,5.64972451,2.48112,22.1511087,6.60788,7.230771778,68.25275064,200.706796,38.31594371,36.81540652,7.66123,35606.58879,0,10.324818,1.271043333,0,21.99927558
2022,6.699266461,1.55552,10.769841,354.9093063,665.8321611,186.76281,256.3356,67.75604,5.62506422,2.26814,22.6892614,6.04066,6.921972029,66.82359012,176.4611651,37.52343321,25.60469824,7.18676,35322.3842,0,10.3978322,1.306056667,0,20.18317662
2023,7.011736773,1.55478,10.764661,361.6210581,738.5876235,191.817235,250.91855,69.46441,5.60040393,2.05516,23.2274141,5.47344,7.08612058,68.26723694,191.8452055,38.72244824,29.80683372,6.71229,35707.49129,0,10.56843525,1.295183333,0,