"year","value","units","variable"
1745,8.72643062241193,"Tg H2","H2_emissions"
1746,8.72643062241193,"Tg H2","H2_emissions"
1747,8.72643062241193,"Tg H2","H2_emissions"
1748,8.72643062241193,"Tg H2","H2_emissions"
1749,8.72643062241193,"Tg H2","H2_emissions"
1750,8.79438688736574,"Tg H2","H2_emissions"
1751,8.69069656991644,"Tg H2","H2_emissions"
1752,8.64072980970284,"Tg H2","H2_emissions"
1753,8.67175331005129,"Tg H2","H2_emissions"
1754,8.76525697898863,"Tg H2","H2_emissions"
1755,8.79576017844662,"Tg H2","H2_emissions"
1756,8.64178359359829,"Tg H2","H2_emissions"
1757,9.00912724938566,"Tg H2","H2_emissions"
1758,8.88527117313021,"Tg H2","H2_emissions"
1759,8.87225493736534,"Tg H2","H2_emissions"
1760,8.90516599592432,"Tg H2","H2_emissions"
1761,8.95110662238284,"Tg H2","H2_emissions"
1762,8.77988907435105,"Tg H2","H2_emissions"
1763,8.79048209613448,"Tg H2","H2_emissions"
1764,8.66025747930482,"Tg H2","H2_emissions"
1765,8.8799997822683,"Tg H2","H2_emissions"
1766,8.82551840287711,"Tg H2","H2_emissions"
1767,8.83358735785482,"Tg H2","H2_emissions"
1768,9.16479554636229,"Tg H2","H2_emissions"
1769,8.92225742615457,"Tg H2","H2_emissions"
1770,8.94652498048015,"Tg H2","H2_emissions"
1771,8.77010014604406,"Tg H2","H2_emissions"
1772,8.6886370230446,"Tg H2","H2_emissions"
1773,8.70619364750061,"Tg H2","H2_emissions"
1774,8.94929240529681,"Tg H2","H2_emissions"
1775,8.94954968657761,"Tg H2","H2_emissions"
1776,8.7505893773327,"Tg H2","H2_emissions"
1777,9.01885540192019,"Tg H2","H2_emissions"
1778,9.13837790235102,"Tg H2","H2_emissions"
1779,8.96048067720978,"Tg H2","H2_emissions"
1780,9.05330206399107,"Tg H2","H2_emissions"
1781,9.04875613365348,"Tg H2","H2_emissions"
1782,8.9190560989125,"Tg H2","H2_emissions"
1783,8.85318593426453,"Tg H2","H2_emissions"
1784,8.83617474556726,"Tg H2","H2_emissions"
1785,8.93736104422845,"Tg H2","H2_emissions"
1786,8.89908654949235,"Tg H2","H2_emissions"
1787,9.01824766705593,"Tg H2","H2_emissions"
1788,9.33808388064941,"Tg H2","H2_emissions"
1789,9.08977145155119,"Tg H2","H2_emissions"
1790,9.14478603151207,"Tg H2","H2_emissions"
1791,8.94935327383824,"Tg H2","H2_emissions"
1792,8.8939879314858,"Tg H2","H2_emissions"
1793,8.8549246813579,"Tg H2","H2_emissions"
1794,9.10212171422898,"Tg H2","H2_emissions"
1795,9.08697523500296,"Tg H2","H2_emissions"
1796,8.83783123624315,"Tg H2","H2_emissions"
1797,9.12856565515605,"Tg H2","H2_emissions"
1798,9.22170300194672,"Tg H2","H2_emissions"
1799,9.09666060910117,"Tg H2","H2_emissions"
1800,9.11701868348496,"Tg H2","H2_emissions"
1801,9.1291923813404,"Tg H2","H2_emissions"
1802,9.0409852516005,"Tg H2","H2_emissions"
1803,8.91804053273021,"Tg H2","H2_emissions"
1804,9.01034585942832,"Tg H2","H2_emissions"
1805,9.08312098465683,"Tg H2","H2_emissions"
1806,9.10827739333199,"Tg H2","H2_emissions"
1807,9.17897637368071,"Tg H2","H2_emissions"
1808,9.51392056247266,"Tg H2","H2_emissions"
1809,9.27355438692994,"Tg H2","H2_emissions"
1810,9.33482594119669,"Tg H2","H2_emissions"
1811,9.21617693532008,"Tg H2","H2_emissions"
1812,9.09604103926849,"Tg H2","H2_emissions"
1813,9.11098738067759,"Tg H2","H2_emissions"
1814,9.35322526478514,"Tg H2","H2_emissions"
1815,9.36401073058601,"Tg H2","H2_emissions"
1816,9.2191489804962,"Tg H2","H2_emissions"
1817,9.38946977046195,"Tg H2","H2_emissions"
1818,9.57228925665719,"Tg H2","H2_emissions"
1819,9.42211647148738,"Tg H2","H2_emissions"
1820,9.48171197847321,"Tg H2","H2_emissions"
1821,9.52984474181707,"Tg H2","H2_emissions"
1822,9.37060507070958,"Tg H2","H2_emissions"
1823,9.25165743587086,"Tg H2","H2_emissions"
1824,9.3827962169908,"Tg H2","H2_emissions"
1825,9.41918198456941,"Tg H2","H2_emissions"
1826,9.39938637128212,"Tg H2","H2_emissions"
1827,9.49869357913616,"Tg H2","H2_emissions"
1828,9.83518619196098,"Tg H2","H2_emissions"
1829,9.61061173211717,"Tg H2","H2_emissions"
1830,9.68603291106238,"Tg H2","H2_emissions"
1831,9.49947822061928,"Tg H2","H2_emissions"
1832,9.45701661664385,"Tg H2","H2_emissions"
1833,9.46078831711291,"Tg H2","H2_emissions"
1834,9.67404585054819,"Tg H2","H2_emissions"
1835,9.64586979758361,"Tg H2","H2_emissions"
1836,9.57724034198969,"Tg H2","H2_emissions"
1837,9.75026821461639,"Tg H2","H2_emissions"
1838,9.9006671086845,"Tg H2","H2_emissions"
1839,9.78048384091032,"Tg H2","H2_emissions"
1840,9.69361838937565,"Tg H2","H2_emissions"
1841,9.89710423491576,"Tg H2","H2_emissions"
1842,9.7220855454496,"Tg H2","H2_emissions"
1843,9.51396791556551,"Tg H2","H2_emissions"
1844,9.64627595251163,"Tg H2","H2_emissions"
1845,9.72349509090142,"Tg H2","H2_emissions"
1846,9.6955282526409,"Tg H2","H2_emissions"
1847,9.87421734664766,"Tg H2","H2_emissions"
1848,10.1372399206129,"Tg H2","H2_emissions"
1849,9.97923565972684,"Tg H2","H2_emissions"
1850,10.0333751761623,"Tg H2","H2_emissions"
1851,9.82206492646405,"Tg H2","H2_emissions"
1852,9.69669054397885,"Tg H2","H2_emissions"
1853,9.75425594291916,"Tg H2","H2_emissions"
1854,10.0112868182811,"Tg H2","H2_emissions"
1855,9.9379359958939,"Tg H2","H2_emissions"
1856,9.79374542591894,"Tg H2","H2_emissions"
1857,10.108923985996,"Tg H2","H2_emissions"
1858,10.2150848788206,"Tg H2","H2_emissions"
1859,10.11752254371,"Tg H2","H2_emissions"
1860,10.0534234800052,"Tg H2","H2_emissions"
1861,10.125088221793,"Tg H2","H2_emissions"
1862,10.0123566930531,"Tg H2","H2_emissions"
1863,9.81034608001618,"Tg H2","H2_emissions"
1864,9.93308889611159,"Tg H2","H2_emissions"
1865,10.1349927939416,"Tg H2","H2_emissions"
1866,10.0624144472699,"Tg H2","H2_emissions"
1867,10.239168881772,"Tg H2","H2_emissions"
1868,10.5027206584838,"Tg H2","H2_emissions"
1869,10.2396651284032,"Tg H2","H2_emissions"
1870,10.4146214827459,"Tg H2","H2_emissions"
1871,10.2402945742226,"Tg H2","H2_emissions"
1872,10.0163999537006,"Tg H2","H2_emissions"
1873,10.2889668608327,"Tg H2","H2_emissions"
1874,10.4442183407025,"Tg H2","H2_emissions"
1875,10.2602613888276,"Tg H2","H2_emissions"
1876,10.2743053857326,"Tg H2","H2_emissions"
1877,10.4393876340393,"Tg H2","H2_emissions"
1878,10.5428230153057,"Tg H2","H2_emissions"
1879,10.5640547769375,"Tg H2","H2_emissions"
1880,10.3999809572946,"Tg H2","H2_emissions"
1881,10.5413548425057,"Tg H2","H2_emissions"
1882,10.3750451226819,"Tg H2","H2_emissions"
1883,10.1470709311783,"Tg H2","H2_emissions"
1884,10.3955427574558,"Tg H2","H2_emissions"
1885,10.4213438084443,"Tg H2","H2_emissions"
1886,10.4447832894045,"Tg H2","H2_emissions"
1887,10.5764370635513,"Tg H2","H2_emissions"
1888,10.7687822007299,"Tg H2","H2_emissions"
1889,10.678764494659,"Tg H2","H2_emissions"
1890,10.8031503178317,"Tg H2","H2_emissions"
1891,10.5849466118871,"Tg H2","H2_emissions"
1892,10.4655022053361,"Tg H2","H2_emissions"
1893,10.5562627239837,"Tg H2","H2_emissions"
1894,10.8469820368071,"Tg H2","H2_emissions"
1895,10.8110232582741,"Tg H2","H2_emissions"
1896,10.5083944681204,"Tg H2","H2_emissions"
1897,10.8746957906868,"Tg H2","H2_emissions"
1898,10.8765779792083,"Tg H2","H2_emissions"
1899,10.9300733442603,"Tg H2","H2_emissions"
1900,10.8411196026779,"Tg H2","H2_emissions"
1901,10.8671633131485,"Tg H2","H2_emissions"
1902,10.7883883816375,"Tg H2","H2_emissions"
1903,10.6335966570475,"Tg H2","H2_emissions"
1904,10.9529299158756,"Tg H2","H2_emissions"
1905,11.1254021729683,"Tg H2","H2_emissions"
1906,11.0542869101604,"Tg H2","H2_emissions"
1907,11.377739087097,"Tg H2","H2_emissions"
1908,11.4639867945188,"Tg H2","H2_emissions"
1909,11.4021514900275,"Tg H2","H2_emissions"
1910,11.6304302881233,"Tg H2","H2_emissions"
1911,11.4276656976214,"Tg H2","H2_emissions"
1912,11.2819102952732,"Tg H2","H2_emissions"
1913,11.4921620882589,"Tg H2","H2_emissions"
1914,11.7132742952045,"Tg H2","H2_emissions"
1915,11.5328644572405,"Tg H2","H2_emissions"
1916,11.4786803338526,"Tg H2","H2_emissions"
1917,11.8251616110027,"Tg H2","H2_emissions"
1918,11.9295825290882,"Tg H2","H2_emissions"
1919,11.884768646899,"Tg H2","H2_emissions"
1920,12.0253064115243,"Tg H2","H2_emissions"
1921,11.8489577744113,"Tg H2","H2_emissions"
1922,11.7084102365738,"Tg H2","H2_emissions"
1923,12.4835849168335,"Tg H2","H2_emissions"
1924,11.9823263898189,"Tg H2","H2_emissions"
1925,12.1161709768974,"Tg H2","H2_emissions"
1926,12.063291921504,"Tg H2","H2_emissions"
1927,12.374015720088,"Tg H2","H2_emissions"
1928,12.3961568280437,"Tg H2","H2_emissions"
1929,12.6115876716456,"Tg H2","H2_emissions"
1930,12.829377271548,"Tg H2","H2_emissions"
1931,12.0768193776327,"Tg H2","H2_emissions"
1932,12.2869943658912,"Tg H2","H2_emissions"
1933,12.1616992446062,"Tg H2","H2_emissions"
1934,12.5953400839163,"Tg H2","H2_emissions"
1935,12.5903726626263,"Tg H2","H2_emissions"
1936,13.1131301693099,"Tg H2","H2_emissions"
1937,13.0519293258679,"Tg H2","H2_emissions"
1938,12.6961836481569,"Tg H2","H2_emissions"
1939,13.1538104303058,"Tg H2","H2_emissions"
1940,13.041002832988,"Tg H2","H2_emissions"
1941,13.1183116401542,"Tg H2","H2_emissions"
1942,13.2332033173398,"Tg H2","H2_emissions"
1943,13.3155104646507,"Tg H2","H2_emissions"
1944,13.6071500768721,"Tg H2","H2_emissions"
1945,13.6312180799592,"Tg H2","H2_emissions"
1946,13.2603759720695,"Tg H2","H2_emissions"
1947,13.3850678312475,"Tg H2","H2_emissions"
1948,13.9600042253322,"Tg H2","H2_emissions"
1949,13.7789047645272,"Tg H2","H2_emissions"
1950,14.6263523447539,"Tg H2","H2_emissions"
1951,13.9060886518454,"Tg H2","H2_emissions"
1952,14.1908156370138,"Tg H2","H2_emissions"
1953,14.6643840847038,"Tg H2","H2_emissions"
1954,14.8600224655452,"Tg H2","H2_emissions"
1955,15.1265685399126,"Tg H2","H2_emissions"
1956,15.8863586117158,"Tg H2","H2_emissions"
1957,16.4104630654664,"Tg H2","H2_emissions"
1958,15.517467018896,"Tg H2","H2_emissions"
1959,15.5171943372515,"Tg H2","H2_emissions"
1960,15.4752252867638,"Tg H2","H2_emissions"
1961,16.3531799564866,"Tg H2","H2_emissions"
1962,16.1643597180023,"Tg H2","H2_emissions"
1963,17.4587221877603,"Tg H2","H2_emissions"
1964,16.5393694582919,"Tg H2","H2_emissions"
1965,16.9943286825155,"Tg H2","H2_emissions"
1966,17.1861564438358,"Tg H2","H2_emissions"
1967,18.172163740666,"Tg H2","H2_emissions"
1968,18.1231260901301,"Tg H2","H2_emissions"
1969,18.3258572985686,"Tg H2","H2_emissions"
1970,19.0821705111661,"Tg H2","H2_emissions"
1971,19.3719529435697,"Tg H2","H2_emissions"
1972,21.0163544926935,"Tg H2","H2_emissions"
1973,20.0430735269175,"Tg H2","H2_emissions"
1974,20.0764173397318,"Tg H2","H2_emissions"
1975,19.8990298278747,"Tg H2","H2_emissions"
1976,20.7888439838205,"Tg H2","H2_emissions"
1977,21.0492154030297,"Tg H2","H2_emissions"
1978,21.7560212217817,"Tg H2","H2_emissions"
1979,21.5761097089612,"Tg H2","H2_emissions"
1980,21.2882239833528,"Tg H2","H2_emissions"
1981,20.9406077577604,"Tg H2","H2_emissions"
1982,23.0439473002884,"Tg H2","H2_emissions"
1983,20.6628508189678,"Tg H2","H2_emissions"
1984,21.1382287070049,"Tg H2","H2_emissions"
1985,21.4732258233728,"Tg H2","H2_emissions"
1986,21.598773526185,"Tg H2","H2_emissions"
1987,22.3577793774395,"Tg H2","H2_emissions"
1988,22.4039904775764,"Tg H2","H2_emissions"
1989,21.681342054285,"Tg H2","H2_emissions"
1990,21.8739491302505,"Tg H2","H2_emissions"
1991,25.6222744016431,"Tg H2","H2_emissions"
1992,21.2316257723196,"Tg H2","H2_emissions"
1993,22.0416333459455,"Tg H2","H2_emissions"
1994,24.4623878290154,"Tg H2","H2_emissions"
1995,22.5634235313596,"Tg H2","H2_emissions"
1996,21.7442742900586,"Tg H2","H2_emissions"
1997,27.9918822973558,"Tg H2","H2_emissions"
1998,31.5112828223615,"Tg H2","H2_emissions"
1999,27.1241027558713,"Tg H2","H2_emissions"
2000,26.9379261797308,"Tg H2","H2_emissions"
2001,25.8389050768518,"Tg H2","H2_emissions"
2002,25.0646281910794,"Tg H2","H2_emissions"
2003,26.4812805668244,"Tg H2","H2_emissions"
2004,26.8965619916476,"Tg H2","H2_emissions"
2005,26.6736149892588,"Tg H2","H2_emissions"
2006,24.5736185396998,"Tg H2","H2_emissions"
2007,25.4947844322368,"Tg H2","H2_emissions"
2008,24.2726674484677,"Tg H2","H2_emissions"
2009,23.3470954499387,"Tg H2","H2_emissions"
2010,24.5477921760089,"Tg H2","H2_emissions"
2011,23.2882732523995,"Tg H2","H2_emissions"
2012,25.0092990710365,"Tg H2","H2_emissions"
2013,23.2533784167588,"Tg H2","H2_emissions"
2014,23.0116811049316,"Tg H2","H2_emissions"
2015,24.1826088066516,"Tg H2","H2_emissions"
2016,23.5340030266879,"Tg H2","H2_emissions"
2017,22.2392626279645,"Tg H2","H2_emissions"
2018,20.6854181233099,"Tg H2","H2_emissions"
2019,23.1260798372732,"Tg H2","H2_emissions"
2020,22.5195583383835,"Tg H2","H2_emissions"
2021,21.999275581534,"Tg H2","H2_emissions"
2022,20.1831766222791,"Tg H2","H2_emissions"
